d5b21aeda97db3c3,7 days ago,Principal Software Engineer,General Electric,"San Ramon, CA",http://www.indeed.com/viewjob?jk=d5b21aeda97db3c3&qd=zVVgHaIsANns6DE747QssEEC3YaduFcT_soE8i5tWuw79QA6F3yjkknpMLiiJpbxMFLmtp86YwZhC-fB-hUZgzgWHf8PH76sF9vX4O-WMzxvaEWlKp2JMoKfxpuUQ6EQ&indpubnum=8145859988824678&atk=1be173gsea4ijbtu
39f88d62d85cd93b,15 days ago,Software Designer,Hewlett Packard Enterprise,"Pleasanton, CA",http://www.indeed.com/viewjob?jk=39f88d62d85cd93b&qd=zVVgHaIsANns6DE747QssEEC3YaduFcT_soE8i5tWuw79QA6F3yjkknpMLiiJpbxMFLmtp86YwZhC-fB-hUZgzgWHf8PH76sF9vX4O-WMzxvaEWlKp2JMoKfxpuUQ6EQ&indpubnum=8145859988824678&atk=1be173gsea4ijbtu
39f88d62d85cd93b,15 days ago,Software Designer,Hewlett Packard Enterprise,"Pleasanton, CA",http://www.indeed.com/viewjob?jk=39f88d62d85cd93b&qd=zVVgHaIsANns6DE747QssEEC3YaduFcT_soE8i5tWuw79QA6F3yjkknpMLiiJpbxMFLmtp86YwZhC-fB-hUZgzgWHf8PH76sF9vX4O-WMzxvaEWlKp2JMoKfxpuUQ6EQ&indpubnum=8145859988824678&atk=1be173h5sa3ao9l0
d1d4ff393b7089aa,7 days ago,Software Engineer (Full Time) - United States 1011952,Cisco Systems,"San Jose, CA",http://www.indeed.com/viewjob?jk=d1d4ff393b7089aa&qd=zVVgHaIsANns6DE747QssEEC3YaduFcT_soE8i5tWuw79QA6F3yjkknpMLiiJpbxMFLmtp86YwZhC-fB-hUZgzgWHf8PH76sF9vX4O-WMzwWkcngv0E9gDGOAu2obHIQ&indpubnum=8145859988824678&atk=1be173he6afak870
b55ca481ab5fc496,30+ days ago,Software Engineer,General Electric,"San Ramon, CA",http://www.indeed.com/viewjob?jk=b55ca481ab5fc496&qd=zVVgHaIsANns6DE747QssEEC3YaduFcT_soE8i5tWuw79QA6F3yjkknpMLiiJpbxMFLmtp86YwZhC-fB-hUZgzgWHf8PH76sF9vX4O-WMzwWkcngv0E9gDGOAu2obHIQ&indpubnum=8145859988824678&atk=1be173he6afak870
bbfcb2de03b84cbe,7 days ago,Software Engineer (Intern) - United States 1011954,Cisco Systems,"San Jose, CA",http://www.indeed.com/viewjob?jk=bbfcb2de03b84cbe&qd=zVVgHaIsANns6DE747QssEEC3YaduFcT_soE8i5tWuw79QA6F3yjkknpMLiiJpbxMFLmtp86YwZhC-fB-hUZgzgWHf8PH76sF9vX4O-WMzwWkcngv0E9gDGOAu2obHIQ&indpubnum=8145859988824678&atk=1be173he6afak870
d1d4ff393b7089aa,7 days ago,Software Engineer (Full Time) - United States 1011952,Cisco Systems,"San Jose, CA",http://www.indeed.com/viewjob?jk=d1d4ff393b7089aa&qd=zVVgHaIsANns6DE747QssEEC3YaduFcT_soE8i5tWuw79QA6F3yjkknpMLiiJpbxMFLmtp86YwZhC-fB-hUZgzgWHf8PH76sF9vX4O-WMzwWkcngv0E9gDGOAu2obHIQ&indpubnum=8145859988824678&atk=1be173hv3a56ocfm
b55ca481ab5fc496,30+ days ago,Software Engineer,General Electric,"San Ramon, CA",http://www.indeed.com/viewjob?jk=b55ca481ab5fc496&qd=zVVgHaIsANns6DE747QssEEC3YaduFcT_soE8i5tWuw79QA6F3yjkknpMLiiJpbxMFLmtp86YwZhC-fB-hUZgzgWHf8PH76sF9vX4O-WMzwWkcngv0E9gDGOAu2obHIQ&indpubnum=8145859988824678&atk=1be173hv3a56ocfm
bbfcb2de03b84cbe,7 days ago,Software Engineer (Intern) - United States 1011954,Cisco Systems,"San Jose, CA",http://www.indeed.com/viewjob?jk=bbfcb2de03b84cbe&qd=zVVgHaIsANns6DE747QssEEC3YaduFcT_soE8i5tWuw79QA6F3yjkknpMLiiJpbxMFLmtp86YwZhC-fB-hUZgzgWHf8PH76sF9vX4O-WMzwWkcngv0E9gDGOAu2obHIQ&indpubnum=8145859988824678&atk=1be173hv3a56ocfm
bbfcb2de03b84cbe,7 days ago,Software Engineer (Intern) - United States 1011954,Cisco Systems,"San Jose, CA",http://www.indeed.com/viewjob?jk=bbfcb2de03b84cbe&qd=zVVgHaIsANns6DE747QssEEC3YaduFcT_soE8i5tWuw79QA6F3yjkknpMLiiJpbxMFLmtp86YwZhC-fB-hUZgzgWHf8PH76sF9vX4O-WMzwWkcngv0E9gDGOAu2obHIQ&indpubnum=8145859988824678&atk=1be173i8ga44qajp
94333a1c09c9737a,15 days ago,HPE Software Engineer,Hewlett Packard Enterprise,"Pleasanton, CA",http://www.indeed.com/viewjob?jk=94333a1c09c9737a&qd=zVVgHaIsANns6DE747QssEEC3YaduFcT_soE8i5tWuw79QA6F3yjkknpMLiiJpbxMFLmtp86YwZhC-fB-hUZgzgWHf8PH76sF9vX4O-WMzyyK8B9SXXYKQrQSkEarefQ&indpubnum=8145859988824678&atk=1be173j80a4ii9mv
603377fbb8264293,15 days ago,Technical Services Software Engineer,Hewlett Packard Enterprise,"Pleasanton, CA",http://www.indeed.com/viewjob?jk=603377fbb8264293&qd=zVVgHaIsANns6DE747QssEEC3YaduFcT_soE8i5tWuw79QA6F3yjkknpMLiiJpbxMFLmtp86YwZhC-fB-hUZgzgWHf8PH76sF9vX4O-WMzyyK8B9SXXYKQrQSkEarefQ&indpubnum=8145859988824678&atk=1be173j80a4ii9mv
94333a1c09c9737a,15 days ago,HPE Software Engineer,Hewlett Packard Enterprise,"Pleasanton, CA",http://www.indeed.com/viewjob?jk=94333a1c09c9737a&qd=zVVgHaIsANns6DE747QssEEC3YaduFcT_soE8i5tWuw79QA6F3yjkknpMLiiJpbxMFLmtp86YwZhC-fB-hUZgzgWHf8PH76sF9vX4O-WMzyGXk8ZXIZxZmL4knswcAAf&indpubnum=8145859988824678&atk=1be173jkfavmgdid
603377fbb8264293,15 days ago,Technical Services Software Engineer,Hewlett Packard Enterprise,"Pleasanton, CA",http://www.indeed.com/viewjob?jk=603377fbb8264293&qd=zVVgHaIsANns6DE747QssEEC3YaduFcT_soE8i5tWuw79QA6F3yjkknpMLiiJpbxMFLmtp86YwZhC-fB-hUZgzgWHf8PH76sF9vX4O-WMzyGXk8ZXIZxZmL4knswcAAf&indpubnum=8145859988824678&atk=1be173jkfavmgdid
7dced639e46e9c23,30+ days ago,"Software Engineer, University Grad",Facebook,"Menlo Park, CA",http://www.indeed.com/viewjob?jk=7dced639e46e9c23&qd=zVVgHaIsANns6DE747QssEEC3YaduFcT_soE8i5tWuw79QA6F3yjkknpMLiiJpbxMFLmtp86YwZhC-fB-hUZgzgWHf8PH76sF9vX4O-WMzyGXk8ZXIZxZmL4knswcAAf&indpubnum=8145859988824678&atk=1be173jtaa3umdet
7dced639e46e9c23,30+ days ago,"Software Engineer, University Grad",Facebook,"Menlo Park, CA",http://www.indeed.com/viewjob?jk=7dced639e46e9c23&qd=zVVgHaIsANns6DE747QssEEC3YaduFcT_soE8i5tWuw79QA6F3yjkknpMLiiJpbxMFLmtp86YwZhC-fB-hUZgzgWHf8PH76sF9vX4O-WMzyGXk8ZXIZxZmL4knswcAAf&indpubnum=8145859988824678&atk=1be173k67agqmb1t
d5b21aeda97db3c3,7 days ago,Principal Software Engineer,General Electric,"San Ramon, CA",http://www.indeed.com/viewjob?jk=d5b21aeda97db3c3&qd=zVVgHaIsANns6DE747QssEEC3YaduFcT_soE8i5tWuw79QA6F3yjkknpMLiiJpbx_Fw0TXNGQJdG2wgXl5gCKjgWHf8PH76sF9vX4O-WMzyHHa23wB0N8Q_pQ81xXIu-&indpubnum=8145859988824678&atk=1be1781vjafqlaiq
39f88d62d85cd93b,15 days ago,Software Designer,Hewlett Packard Enterprise,"Pleasanton, CA",http://www.indeed.com/viewjob?jk=39f88d62d85cd93b&qd=zVVgHaIsANns6DE747QssEEC3YaduFcT_soE8i5tWuw79QA6F3yjkknpMLiiJpbx_Fw0TXNGQJdG2wgXl5gCKjgWHf8PH76sF9vX4O-WMzyHHa23wB0N8Q_pQ81xXIu-&indpubnum=8145859988824678&atk=1be1781vjafqlaiq
39f88d62d85cd93b,15 days ago,Software Designer,Hewlett Packard Enterprise,"Pleasanton, CA",http://www.indeed.com/viewjob?jk=39f88d62d85cd93b&qd=zVVgHaIsANns6DE747QssEEC3YaduFcT_soE8i5tWuw79QA6F3yjkknpMLiiJpbx_Fw0TXNGQJdG2wgXl5gCKjgWHf8PH76sF9vX4O-WMzyHHa23wB0N8Q_pQ81xXIu-&indpubnum=8145859988824678&atk=1be1782b0aeqlc5e
d1d4ff393b7089aa,7 days ago,Software Engineer (Full Time) - United States 1011952,Cisco Systems,"San Jose, CA",http://www.indeed.com/viewjob?jk=d1d4ff393b7089aa&qd=zVVgHaIsANns6DE747QssEEC3YaduFcT_soE8i5tWuw79QA6F3yjkknpMLiiJpbx_Fw0TXNGQJdG2wgXl5gCKjgWHf8PH76sF9vX4O-WMzyHHa23wB0N8Q_pQ81xXIu-&indpubnum=8145859988824678&atk=1be1782mgafmkb8p
b55ca481ab5fc496,30+ days ago,Software Engineer,General Electric,"San Ramon, CA",http://www.indeed.com/viewjob?jk=b55ca481ab5fc496&qd=zVVgHaIsANns6DE747QssEEC3YaduFcT_soE8i5tWuw79QA6F3yjkknpMLiiJpbx_Fw0TXNGQJdG2wgXl5gCKjgWHf8PH76sF9vX4O-WMzyHHa23wB0N8Q_pQ81xXIu-&indpubnum=8145859988824678&atk=1be1782mgafmkb8p
bbfcb2de03b84cbe,7 days ago,Software Engineer (Intern) - United States 1011954,Cisco Systems,"San Jose, CA",http://www.indeed.com/viewjob?jk=bbfcb2de03b84cbe&qd=zVVgHaIsANns6DE747QssEEC3YaduFcT_soE8i5tWuw79QA6F3yjkknpMLiiJpbx_Fw0TXNGQJdG2wgXl5gCKjgWHf8PH76sF9vX4O-WMzyHHa23wB0N8Q_pQ81xXIu-&indpubnum=8145859988824678&atk=1be1782mgafmkb8p
d1d4ff393b7089aa,7 days ago,Software Engineer (Full Time) - United States 1011952,Cisco Systems,"San Jose, CA",http://www.indeed.com/viewjob?jk=d1d4ff393b7089aa&qd=zVVgHaIsANns6DE747QssEEC3YaduFcT_soE8i5tWuw79QA6F3yjkknpMLiiJpbx_Fw0TXNGQJdG2wgXl5gCKjgWHf8PH76sF9vX4O-WMzw0GsJkvu9Xg1KpKyGo7t25&indpubnum=8145859988824678&atk=1be17831ea3enfo9
b55ca481ab5fc496,30+ days ago,Software Engineer,General Electric,"San Ramon, CA",http://www.indeed.com/viewjob?jk=b55ca481ab5fc496&qd=zVVgHaIsANns6DE747QssEEC3YaduFcT_soE8i5tWuw79QA6F3yjkknpMLiiJpbx_Fw0TXNGQJdG2wgXl5gCKjgWHf8PH76sF9vX4O-WMzw0GsJkvu9Xg1KpKyGo7t25&indpubnum=8145859988824678&atk=1be17831ea3enfo9
bbfcb2de03b84cbe,7 days ago,Software Engineer (Intern) - United States 1011954,Cisco Systems,"San Jose, CA",http://www.indeed.com/viewjob?jk=bbfcb2de03b84cbe&qd=zVVgHaIsANns6DE747QssEEC3YaduFcT_soE8i5tWuw79QA6F3yjkknpMLiiJpbx_Fw0TXNGQJdG2wgXl5gCKjgWHf8PH76sF9vX4O-WMzw0GsJkvu9Xg1KpKyGo7t25&indpubnum=8145859988824678&atk=1be17831ea3enfo9
bbfcb2de03b84cbe,7 days ago,Software Engineer (Intern) - United States 1011954,Cisco Systems,"San Jose, CA",http://www.indeed.com/viewjob?jk=bbfcb2de03b84cbe&qd=zVVgHaIsANns6DE747QssEEC3YaduFcT_soE8i5tWuw79QA6F3yjkknpMLiiJpbx_Fw0TXNGQJdG2wgXl5gCKjgWHf8PH76sF9vX4O-WMzw0GsJkvu9Xg1KpKyGo7t25&indpubnum=8145859988824678&atk=1be1783aoa3in9t3
94333a1c09c9737a,15 days ago,HPE Software Engineer,Hewlett Packard Enterprise,"Pleasanton, CA",http://www.indeed.com/viewjob?jk=94333a1c09c9737a&qd=zVVgHaIsANns6DE747QssEEC3YaduFcT_soE8i5tWuw79QA6F3yjkknpMLiiJpbx_Fw0TXNGQJdG2wgXl5gCKjgWHf8PH76sF9vX4O-WMzyEdvK1anqTpl1PF_t3Mtbx&indpubnum=8145859988824678&atk=1be1783u3a48lclf
603377fbb8264293,15 days ago,Technical Services Software Engineer,Hewlett Packard Enterprise,"Pleasanton, CA",http://www.indeed.com/viewjob?jk=603377fbb8264293&qd=zVVgHaIsANns6DE747QssEEC3YaduFcT_soE8i5tWuw79QA6F3yjkknpMLiiJpbx_Fw0TXNGQJdG2wgXl5gCKjgWHf8PH76sF9vX4O-WMzyEdvK1anqTpl1PF_t3Mtbx&indpubnum=8145859988824678&atk=1be1783u3a48lclf
94333a1c09c9737a,15 days ago,HPE Software Engineer,Hewlett Packard Enterprise,"Pleasanton, CA",http://www.indeed.com/viewjob?jk=94333a1c09c9737a&qd=zVVgHaIsANns6DE747QssEEC3YaduFcT_soE8i5tWuw79QA6F3yjkknpMLiiJpbx_Fw0TXNGQJdG2wgXl5gCKjgWHf8PH76sF9vX4O-WMzyEdvK1anqTpl1PF_t3Mtbx&indpubnum=8145859988824678&atk=1be178473aveecca
603377fbb8264293,15 days ago,Technical Services Software Engineer,Hewlett Packard Enterprise,"Pleasanton, CA",http://www.indeed.com/viewjob?jk=603377fbb8264293&qd=zVVgHaIsANns6DE747QssEEC3YaduFcT_soE8i5tWuw79QA6F3yjkknpMLiiJpbx_Fw0TXNGQJdG2wgXl5gCKjgWHf8PH76sF9vX4O-WMzyEdvK1anqTpl1PF_t3Mtbx&indpubnum=8145859988824678&atk=1be178473aveecca
7dced639e46e9c23,30+ days ago,"Software Engineer, University Grad",Facebook,"Menlo Park, CA",http://www.indeed.com/viewjob?jk=7dced639e46e9c23&qd=zVVgHaIsANns6DE747QssEEC3YaduFcT_soE8i5tWuw79QA6F3yjkknpMLiiJpbx_Fw0TXNGQJdG2wgXl5gCKjgWHf8PH76sF9vX4O-WMzyEdvK1anqTpl1PF_t3Mtbx&indpubnum=8145859988824678&atk=1be1784iuah6oeab
7dced639e46e9c23,30+ days ago,"Software Engineer, University Grad",Facebook,"Menlo Park, CA",http://www.indeed.com/viewjob?jk=7dced639e46e9c23&qd=zVVgHaIsANns6DE747QssEEC3YaduFcT_soE8i5tWuw79QA6F3yjkknpMLiiJpbx_Fw0TXNGQJdG2wgXl5gCKjgWHf8PH76sF9vX4O-WMzwSrWq8qhPEYFOh7TKNFrVZ&indpubnum=8145859988824678&atk=1be1784rpa1af8mp
d5b21aeda97db3c3,7 days ago,Principal Software Engineer,General Electric,"San Ramon, CA",http://www.indeed.com/viewjob?jk=d5b21aeda97db3c3&qd=zVVgHaIsANns6DE747QssEEC3YaduFcT_soE8i5tWuw79QA6F3yjkknpMLiiJpbxFTGQmMi18GY_0JjlPUtqIjgWHf8PH76sF9vX4O-WMzwPv_r99FgGFBo2gh6dvTEq&indpubnum=8145859988824678&atk=1be17p6viavmgdrp
39f88d62d85cd93b,15 days ago,Software Designer,Hewlett Packard Enterprise,"Pleasanton, CA",http://www.indeed.com/viewjob?jk=39f88d62d85cd93b&qd=zVVgHaIsANns6DE747QssEEC3YaduFcT_soE8i5tWuw79QA6F3yjkknpMLiiJpbxFTGQmMi18GY_0JjlPUtqIjgWHf8PH76sF9vX4O-WMzwPv_r99FgGFBo2gh6dvTEq&indpubnum=8145859988824678&atk=1be17p6viavmgdrp
39f88d62d85cd93b,15 days ago,Software Designer,Hewlett Packard Enterprise,"Pleasanton, CA",http://www.indeed.com/viewjob?jk=39f88d62d85cd93b&qd=zVVgHaIsANns6DE747QssEEC3YaduFcT_soE8i5tWuw79QA6F3yjkknpMLiiJpbxFTGQmMi18GY_0JjlPUtqIjgWHf8PH76sF9vX4O-WMzwPv_r99FgGFBo2gh6dvTEq&indpubnum=8145859988824678&atk=1be17p77va0qhflb
d1d4ff393b7089aa,7 days ago,Software Engineer (Full Time) - United States 1011952,Cisco Systems,"San Jose, CA",http://www.indeed.com/viewjob?jk=d1d4ff393b7089aa&qd=zVVgHaIsANns6DE747QssEEC3YaduFcT_soE8i5tWuw79QA6F3yjkknpMLiiJpbxFTGQmMi18GY_0JjlPUtqIjgWHf8PH76sF9vX4O-WMzwPv_r99FgGFBo2gh6dvTEq&indpubnum=8145859988824678&atk=1be17p7gsaf6kc0l
b55ca481ab5fc496,30+ days ago,Software Engineer,General Electric,"San Ramon, CA",http://www.indeed.com/viewjob?jk=b55ca481ab5fc496&qd=zVVgHaIsANns6DE747QssEEC3YaduFcT_soE8i5tWuw79QA6F3yjkknpMLiiJpbxFTGQmMi18GY_0JjlPUtqIjgWHf8PH76sF9vX4O-WMzwPv_r99FgGFBo2gh6dvTEq&indpubnum=8145859988824678&atk=1be17p7gsaf6kc0l
bbfcb2de03b84cbe,7 days ago,Software Engineer (Intern) - United States 1011954,Cisco Systems,"San Jose, CA",http://www.indeed.com/viewjob?jk=bbfcb2de03b84cbe&qd=zVVgHaIsANns6DE747QssEEC3YaduFcT_soE8i5tWuw79QA6F3yjkknpMLiiJpbxFTGQmMi18GY_0JjlPUtqIjgWHf8PH76sF9vX4O-WMzwPv_r99FgGFBo2gh6dvTEq&indpubnum=8145859988824678&atk=1be17p7gsaf6kc0l
d1d4ff393b7089aa,7 days ago,Software Engineer (Full Time) - United States 1011952,Cisco Systems,"San Jose, CA",http://www.indeed.com/viewjob?jk=d1d4ff393b7089aa&qd=zVVgHaIsANns6DE747QssEEC3YaduFcT_soE8i5tWuw79QA6F3yjkknpMLiiJpbxFTGQmMi18GY_0JjlPUtqIjgWHf8PH76sF9vX4O-WMzzYcJy6Gqd7oCvwpbaOdNuf&indpubnum=8145859988824678&atk=1be17p7rfaeqlb1c
b55ca481ab5fc496,30+ days ago,Software Engineer,General Electric,"San Ramon, CA",http://www.indeed.com/viewjob?jk=b55ca481ab5fc496&qd=zVVgHaIsANns6DE747QssEEC3YaduFcT_soE8i5tWuw79QA6F3yjkknpMLiiJpbxFTGQmMi18GY_0JjlPUtqIjgWHf8PH76sF9vX4O-WMzzYcJy6Gqd7oCvwpbaOdNuf&indpubnum=8145859988824678&atk=1be17p7rfaeqlb1c
bbfcb2de03b84cbe,7 days ago,Software Engineer (Intern) - United States 1011954,Cisco Systems,"San Jose, CA",http://www.indeed.com/viewjob?jk=bbfcb2de03b84cbe&qd=zVVgHaIsANns6DE747QssEEC3YaduFcT_soE8i5tWuw79QA6F3yjkknpMLiiJpbxFTGQmMi18GY_0JjlPUtqIjgWHf8PH76sF9vX4O-WMzzYcJy6Gqd7oCvwpbaOdNuf&indpubnum=8145859988824678&atk=1be17p7rfaeqlb1c
bbfcb2de03b84cbe,7 days ago,Software Engineer (Intern) - United States 1011954,Cisco Systems,"San Jose, CA",http://www.indeed.com/viewjob?jk=bbfcb2de03b84cbe&qd=zVVgHaIsANns6DE747QssEEC3YaduFcT_soE8i5tWuw79QA6F3yjkknpMLiiJpbxFTGQmMi18GY_0JjlPUtqIjgWHf8PH76sF9vX4O-WMzzYcJy6Gqd7oCvwpbaOdNuf&indpubnum=8145859988824678&atk=1be17p85iagejeb5
94333a1c09c9737a,15 days ago,HPE Software Engineer,Hewlett Packard Enterprise,"Pleasanton, CA",http://www.indeed.com/viewjob?jk=94333a1c09c9737a&qd=zVVgHaIsANns6DE747QssEEC3YaduFcT_soE8i5tWuw79QA6F3yjkknpMLiiJpbxFTGQmMi18GY_0JjlPUtqIjgWHf8PH76sF9vX4O-WMzy3bMTmjQK0n13F-nN4oG4U&indpubnum=8145859988824678&atk=1be17p8n2a56obp8
603377fbb8264293,15 days ago,Technical Services Software Engineer,Hewlett Packard Enterprise,"Pleasanton, CA",http://www.indeed.com/viewjob?jk=603377fbb8264293&qd=zVVgHaIsANns6DE747QssEEC3YaduFcT_soE8i5tWuw79QA6F3yjkknpMLiiJpbxFTGQmMi18GY_0JjlPUtqIjgWHf8PH76sF9vX4O-WMzy3bMTmjQK0n13F-nN4oG4U&indpubnum=8145859988824678&atk=1be17p8n2a56obp8
94333a1c09c9737a,15 days ago,HPE Software Engineer,Hewlett Packard Enterprise,"Pleasanton, CA",http://www.indeed.com/viewjob?jk=94333a1c09c9737a&qd=zVVgHaIsANns6DE747QssEEC3YaduFcT_soE8i5tWuw79QA6F3yjkknpMLiiJpbxFTGQmMi18GY_0JjlPUtqIjgWHf8PH76sF9vX4O-WMzzELRyqetiA6C1nHFpn5q4n&indpubnum=8145859988824678&atk=1be17pa7sah6pacp
603377fbb8264293,15 days ago,Technical Services Software Engineer,Hewlett Packard Enterprise,"Pleasanton, CA",http://www.indeed.com/viewjob?jk=603377fbb8264293&qd=zVVgHaIsANns6DE747QssEEC3YaduFcT_soE8i5tWuw79QA6F3yjkknpMLiiJpbxFTGQmMi18GY_0JjlPUtqIjgWHf8PH76sF9vX4O-WMzzELRyqetiA6C1nHFpn5q4n&indpubnum=8145859988824678&atk=1be17pa7sah6pacp
7dced639e46e9c23,30+ days ago,"Software Engineer, University Grad",Facebook,"Menlo Park, CA",http://www.indeed.com/viewjob?jk=7dced639e46e9c23&qd=zVVgHaIsANns6DE747QssEEC3YaduFcT_soE8i5tWuw79QA6F3yjkknpMLiiJpbxFTGQmMi18GY_0JjlPUtqIjgWHf8PH76sF9vX4O-WMzzELRyqetiA6C1nHFpn5q4n&indpubnum=8145859988824678&atk=1be17pagra4mh97d
7dced639e46e9c23,30+ days ago,"Software Engineer, University Grad",Facebook,"Menlo Park, CA",http://www.indeed.com/viewjob?jk=7dced639e46e9c23&qd=zVVgHaIsANns6DE747QssEEC3YaduFcT_soE8i5tWuw79QA6F3yjkknpMLiiJpbxFTGQmMi18GY_0JjlPUtqIjgWHf8PH76sF9vX4O-WMzxEQOEHagox12lUnjFNz8Ku&indpubnum=8145859988824678&atk=1be17paoiauqlbab
d5b21aeda97db3c3,7 days ago,Principal Software Engineer,General Electric,"San Ramon, CA",http://www.indeed.com/viewjob?jk=d5b21aeda97db3c3&qd=zVVgHaIsANns6DE747QssEEC3YaduFcT_soE8i5tWuw79QA6F3yjkknpMLiiJpbxmK4zkapAsewubnUewhFOgTgWHf8PH76sF9vX4O-WMzzy6magrI4UIVMzKl5Oc__m&indpubnum=8145859988824678&atk=1be18saa7a52jale
39f88d62d85cd93b,15 days ago,Software Designer,Hewlett Packard Enterprise,"Pleasanton, CA",http://www.indeed.com/viewjob?jk=39f88d62d85cd93b&qd=zVVgHaIsANns6DE747QssEEC3YaduFcT_soE8i5tWuw79QA6F3yjkknpMLiiJpbxmK4zkapAsewubnUewhFOgTgWHf8PH76sF9vX4O-WMzzy6magrI4UIVMzKl5Oc__m&indpubnum=8145859988824678&atk=1be18saa7a52jale
39f88d62d85cd93b,15 days ago,Software Designer,Hewlett Packard Enterprise,"Pleasanton, CA",http://www.indeed.com/viewjob?jk=39f88d62d85cd93b&qd=zVVgHaIsANns6DE747QssEEC3YaduFcT_soE8i5tWuw79QA6F3yjkknpMLiiJpbxcZ7pDO_pDrr4KZi-yTUaKzgWHf8PH76sF9vX4O-WMzzy6magrI4UIVMzKl5Oc__m&indpubnum=8145859988824678&atk=1be18sai6auqlf2r
d1d4ff393b7089aa,7 days ago,Software Engineer (Full Time) - United States 1011952,Cisco Systems,"San Jose, CA",http://www.indeed.com/viewjob?jk=d1d4ff393b7089aa&qd=zVVgHaIsANns6DE747QssEEC3YaduFcT_soE8i5tWuw79QA6F3yjkknpMLiiJpbxcZ7pDO_pDrr4KZi-yTUaKzgWHf8PH76sF9vX4O-WMzyh8PU94-KbxQRuEmsX3I1d&indpubnum=8145859988824678&atk=1be18sas2a4cmeov
b55ca481ab5fc496,30+ days ago,Software Engineer,General Electric,"San Ramon, CA",http://www.indeed.com/viewjob?jk=b55ca481ab5fc496&qd=zVVgHaIsANns6DE747QssEEC3YaduFcT_soE8i5tWuw79QA6F3yjkknpMLiiJpbxcZ7pDO_pDrr4KZi-yTUaKzgWHf8PH76sF9vX4O-WMzyh8PU94-KbxQRuEmsX3I1d&indpubnum=8145859988824678&atk=1be18sas2a4cmeov
bbfcb2de03b84cbe,7 days ago,Software Engineer (Intern) - United States 1011954,Cisco Systems,"San Jose, CA",http://www.indeed.com/viewjob?jk=bbfcb2de03b84cbe&qd=zVVgHaIsANns6DE747QssEEC3YaduFcT_soE8i5tWuw79QA6F3yjkknpMLiiJpbxcZ7pDO_pDrr4KZi-yTUaKzgWHf8PH76sF9vX4O-WMzyh8PU94-KbxQRuEmsX3I1d&indpubnum=8145859988824678&atk=1be18sas2a4cmeov
d1d4ff393b7089aa,7 days ago,Software Engineer (Full Time) - United States 1011952,Cisco Systems,"San Jose, CA",http://www.indeed.com/viewjob?jk=d1d4ff393b7089aa&qd=zVVgHaIsANns6DE747QssEEC3YaduFcT_soE8i5tWuw79QA6F3yjkknpMLiiJpbxmK4zkapAsewubnUewhFOgTgWHf8PH76sF9vX4O-WMzyh8PU94-KbxQRuEmsX3I1d&indpubnum=8145859988824678&atk=1be18sb84aumhbuj
b55ca481ab5fc496,30+ days ago,Software Engineer,General Electric,"San Ramon, CA",http://www.indeed.com/viewjob?jk=b55ca481ab5fc496&qd=zVVgHaIsANns6DE747QssEEC3YaduFcT_soE8i5tWuw79QA6F3yjkknpMLiiJpbxmK4zkapAsewubnUewhFOgTgWHf8PH76sF9vX4O-WMzyh8PU94-KbxQRuEmsX3I1d&indpubnum=8145859988824678&atk=1be18sb84aumhbuj
bbfcb2de03b84cbe,7 days ago,Software Engineer (Intern) - United States 1011954,Cisco Systems,"San Jose, CA",http://www.indeed.com/viewjob?jk=bbfcb2de03b84cbe&qd=zVVgHaIsANns6DE747QssEEC3YaduFcT_soE8i5tWuw79QA6F3yjkknpMLiiJpbxmK4zkapAsewubnUewhFOgTgWHf8PH76sF9vX4O-WMzyh8PU94-KbxQRuEmsX3I1d&indpubnum=8145859988824678&atk=1be18sb84aumhbuj
bbfcb2de03b84cbe,7 days ago,Software Engineer (Intern) - United States 1011954,Cisco Systems,"San Jose, CA",http://www.indeed.com/viewjob?jk=bbfcb2de03b84cbe&qd=zVVgHaIsANns6DE747QssEEC3YaduFcT_soE8i5tWuw79QA6F3yjkknpMLiiJpbxmK4zkapAsewubnUewhFOgTgWHf8PH76sF9vX4O-WMzwnADPARCXt1KqU6z4jySgo&indpubnum=8145859988824678&atk=1be18sc0lagin83v
94333a1c09c9737a,15 days ago,HPE Software Engineer,Hewlett Packard Enterprise,"Pleasanton, CA",http://www.indeed.com/viewjob?jk=94333a1c09c9737a&qd=zVVgHaIsANns6DE747QssEEC3YaduFcT_soE8i5tWuw79QA6F3yjkknpMLiiJpbxmK4zkapAsewubnUewhFOgTgWHf8PH76sF9vX4O-WMzwQJzdKRjA4rwCe4x0FlcCB&indpubnum=8145859988824678&atk=1be18se70aeql9f6
603377fbb8264293,15 days ago,Technical Services Software Engineer,Hewlett Packard Enterprise,"Pleasanton, CA",http://www.indeed.com/viewjob?jk=603377fbb8264293&qd=zVVgHaIsANns6DE747QssEEC3YaduFcT_soE8i5tWuw79QA6F3yjkknpMLiiJpbxmK4zkapAsewubnUewhFOgTgWHf8PH76sF9vX4O-WMzwQJzdKRjA4rwCe4x0FlcCB&indpubnum=8145859988824678&atk=1be18se70aeql9f6
94333a1c09c9737a,15 days ago,HPE Software Engineer,Hewlett Packard Enterprise,"Pleasanton, CA",http://www.indeed.com/viewjob?jk=94333a1c09c9737a&qd=zVVgHaIsANns6DE747QssEEC3YaduFcT_soE8i5tWuw79QA6F3yjkknpMLiiJpbxcZ7pDO_pDrr4KZi-yTUaKzgWHf8PH76sF9vX4O-WMzwwFaYnPOKL7vDpgmIIbWHy&indpubnum=8145859988824678&atk=1be18sepiauuld38
603377fbb8264293,15 days ago,Technical Services Software Engineer,Hewlett Packard Enterprise,"Pleasanton, CA",http://www.indeed.com/viewjob?jk=603377fbb8264293&qd=zVVgHaIsANns6DE747QssEEC3YaduFcT_soE8i5tWuw79QA6F3yjkknpMLiiJpbxcZ7pDO_pDrr4KZi-yTUaKzgWHf8PH76sF9vX4O-WMzwwFaYnPOKL7vDpgmIIbWHy&indpubnum=8145859988824678&atk=1be18sepiauuld38
7dced639e46e9c23,30+ days ago,"Software Engineer, University Grad",Facebook,"Menlo Park, CA",http://www.indeed.com/viewjob?jk=7dced639e46e9c23&qd=zVVgHaIsANns6DE747QssEEC3YaduFcT_soE8i5tWuw79QA6F3yjkknpMLiiJpbxcZ7pDO_pDrr4KZi-yTUaKzgWHf8PH76sF9vX4O-WMzzbrVy_ktkLHYt3sm_dr5uz&indpubnum=8145859988824678&atk=1be18sfkmagqla4q
7dced639e46e9c23,30+ days ago,"Software Engineer, University Grad",Facebook,"Menlo Park, CA",http://www.indeed.com/viewjob?jk=7dced639e46e9c23&qd=zVVgHaIsANns6DE747QssEEC3YaduFcT_soE8i5tWuw79QA6F3yjkknpMLiiJpbxcZ7pDO_pDrr4KZi-yTUaKzgWHf8PH76sF9vX4O-WMzzbrVy_ktkLHYt3sm_dr5uz&indpubnum=8145859988824678&atk=1be18sg2qa4cnbao
d5b21aeda97db3c3,7 days ago,Principal Software Engineer,General Electric,"San Ramon, CA",http://www.indeed.com/viewjob?jk=d5b21aeda97db3c3&qd=zVVgHaIsANns6DE747QssEEC3YaduFcT_soE8i5tWuw79QA6F3yjkknpMLiiJpbxcZ7pDO_pDrr4KZi-yTUaKzgWHf8PH76sF9vX4O-WMzxM9t-qgpNZt0ZuWW3-lisE&indpubnum=8145859988824678&atk=1be193h7fa3ulc8i
39f88d62d85cd93b,15 days ago,Software Designer,Hewlett Packard Enterprise,"Pleasanton, CA",http://www.indeed.com/viewjob?jk=39f88d62d85cd93b&qd=zVVgHaIsANns6DE747QssEEC3YaduFcT_soE8i5tWuw79QA6F3yjkknpMLiiJpbxcZ7pDO_pDrr4KZi-yTUaKzgWHf8PH76sF9vX4O-WMzxM9t-qgpNZt0ZuWW3-lisE&indpubnum=8145859988824678&atk=1be193h7fa3ulc8i
39f88d62d85cd93b,15 days ago,Software Designer,Hewlett Packard Enterprise,"Pleasanton, CA",http://www.indeed.com/viewjob?jk=39f88d62d85cd93b&qd=zVVgHaIsANns6DE747QssEEC3YaduFcT_soE8i5tWuw79QA6F3yjkknpMLiiJpbxcZ7pDO_pDrr4KZi-yTUaKzgWHf8PH76sF9vX4O-WMzw_EoW18045AsnU_pdwDDms&indpubnum=8145859988824678&atk=1be193hhba56ndei
d1d4ff393b7089aa,7 days ago,Software Engineer (Full Time) - United States 1011952,Cisco Systems,"San Jose, CA",http://www.indeed.com/viewjob?jk=d1d4ff393b7089aa&qd=zVVgHaIsANns6DE747QssEEC3YaduFcT_soE8i5tWuw79QA6F3yjkknpMLiiJpbxcZ7pDO_pDrr4KZi-yTUaKzgWHf8PH76sF9vX4O-WMzyJ0zLuELkewHvhbFaMdXzB&indpubnum=8145859988824678&atk=1be193jfmah6ofeg
b55ca481ab5fc496,30+ days ago,Software Engineer,General Electric,"San Ramon, CA",http://www.indeed.com/viewjob?jk=b55ca481ab5fc496&qd=zVVgHaIsANns6DE747QssEEC3YaduFcT_soE8i5tWuw79QA6F3yjkknpMLiiJpbxcZ7pDO_pDrr4KZi-yTUaKzgWHf8PH76sF9vX4O-WMzyJ0zLuELkewHvhbFaMdXzB&indpubnum=8145859988824678&atk=1be193jfmah6ofeg
bbfcb2de03b84cbe,7 days ago,Software Engineer (Intern) - United States 1011954,Cisco Systems,"San Jose, CA",http://www.indeed.com/viewjob?jk=bbfcb2de03b84cbe&qd=zVVgHaIsANns6DE747QssEEC3YaduFcT_soE8i5tWuw79QA6F3yjkknpMLiiJpbxcZ7pDO_pDrr4KZi-yTUaKzgWHf8PH76sF9vX4O-WMzyJ0zLuELkewHvhbFaMdXzB&indpubnum=8145859988824678&atk=1be193jfmah6ofeg
d1d4ff393b7089aa,7 days ago,Software Engineer (Full Time) - United States 1011952,Cisco Systems,"San Jose, CA",http://www.indeed.com/viewjob?jk=d1d4ff393b7089aa&qd=zVVgHaIsANns6DE747QssEEC3YaduFcT_soE8i5tWuw79QA6F3yjkknpMLiiJpbxxihipR7X5OmF2AK3zRHx-jgWHf8PH76sF9vX4O-WMzyJ0zLuELkewHvhbFaMdXzB&indpubnum=8145859988824678&atk=1be193jr1a3endhv
b55ca481ab5fc496,30+ days ago,Software Engineer,General Electric,"San Ramon, CA",http://www.indeed.com/viewjob?jk=b55ca481ab5fc496&qd=zVVgHaIsANns6DE747QssEEC3YaduFcT_soE8i5tWuw79QA6F3yjkknpMLiiJpbxxihipR7X5OmF2AK3zRHx-jgWHf8PH76sF9vX4O-WMzyJ0zLuELkewHvhbFaMdXzB&indpubnum=8145859988824678&atk=1be193jr1a3endhv
bbfcb2de03b84cbe,7 days ago,Software Engineer (Intern) - United States 1011954,Cisco Systems,"San Jose, CA",http://www.indeed.com/viewjob?jk=bbfcb2de03b84cbe&qd=zVVgHaIsANns6DE747QssEEC3YaduFcT_soE8i5tWuw79QA6F3yjkknpMLiiJpbxxihipR7X5OmF2AK3zRHx-jgWHf8PH76sF9vX4O-WMzyJ0zLuELkewHvhbFaMdXzB&indpubnum=8145859988824678&atk=1be193jr1a3endhv
bbfcb2de03b84cbe,7 days ago,Software Engineer (Intern) - United States 1011954,Cisco Systems,"San Jose, CA",http://www.indeed.com/viewjob?jk=bbfcb2de03b84cbe&qd=zVVgHaIsANns6DE747QssEEC3YaduFcT_soE8i5tWuw79QA6F3yjkknpMLiiJpbxcZ7pDO_pDrr4KZi-yTUaKzgWHf8PH76sF9vX4O-WMzyJ0zLuELkewHvhbFaMdXzB&indpubnum=8145859988824678&atk=1be193k3nag6fb3l
94333a1c09c9737a,15 days ago,HPE Software Engineer,Hewlett Packard Enterprise,"Pleasanton, CA",http://www.indeed.com/viewjob?jk=94333a1c09c9737a&qd=zVVgHaIsANns6DE747QssEEC3YaduFcT_soE8i5tWuw79QA6F3yjkknpMLiiJpbxcZ7pDO_pDrr4KZi-yTUaKzgWHf8PH76sF9vX4O-WMzxY3CdA-1vKzDUEYC4rJ1qb&indpubnum=8145859988824678&atk=1be193km0agqleh9
603377fbb8264293,15 days ago,Technical Services Software Engineer,Hewlett Packard Enterprise,"Pleasanton, CA",http://www.indeed.com/viewjob?jk=603377fbb8264293&qd=zVVgHaIsANns6DE747QssEEC3YaduFcT_soE8i5tWuw79QA6F3yjkknpMLiiJpbxcZ7pDO_pDrr4KZi-yTUaKzgWHf8PH76sF9vX4O-WMzxY3CdA-1vKzDUEYC4rJ1qb&indpubnum=8145859988824678&atk=1be193km0agqleh9
94333a1c09c9737a,15 days ago,HPE Software Engineer,Hewlett Packard Enterprise,"Pleasanton, CA",http://www.indeed.com/viewjob?jk=94333a1c09c9737a&qd=zVVgHaIsANns6DE747QssEEC3YaduFcT_soE8i5tWuw79QA6F3yjkknpMLiiJpbxcZ7pDO_pDrr4KZi-yTUaKzgWHf8PH76sF9vX4O-WMzxY3CdA-1vKzDUEYC4rJ1qb&indpubnum=8145859988824678&atk=1be193ku5a3ane25
603377fbb8264293,15 days ago,Technical Services Software Engineer,Hewlett Packard Enterprise,"Pleasanton, CA",http://www.indeed.com/viewjob?jk=603377fbb8264293&qd=zVVgHaIsANns6DE747QssEEC3YaduFcT_soE8i5tWuw79QA6F3yjkknpMLiiJpbxcZ7pDO_pDrr4KZi-yTUaKzgWHf8PH76sF9vX4O-WMzxY3CdA-1vKzDUEYC4rJ1qb&indpubnum=8145859988824678&atk=1be193ku5a3ane25
7dced639e46e9c23,30+ days ago,"Software Engineer, University Grad",Facebook,"Menlo Park, CA",http://www.indeed.com/viewjob?jk=7dced639e46e9c23&qd=zVVgHaIsANns6DE747QssEEC3YaduFcT_soE8i5tWuw79QA6F3yjkknpMLiiJpbxcZ7pDO_pDrr4KZi-yTUaKzgWHf8PH76sF9vX4O-WMzwA1sMJd4RSdG7xPt25bkNP&indpubnum=8145859988824678&atk=1be193l5tavmhagh
7dced639e46e9c23,30+ days ago,"Software Engineer, University Grad",Facebook,"Menlo Park, CA",http://www.indeed.com/viewjob?jk=7dced639e46e9c23&qd=zVVgHaIsANns6DE747QssEEC3YaduFcT_soE8i5tWuw79QA6F3yjkknpMLiiJpbxxihipR7X5OmF2AK3zRHx-jgWHf8PH76sF9vX4O-WMzwA1sMJd4RSdG7xPt25bkNP&indpubnum=8145859988824678&atk=1be193ldha1efepk
d5b21aeda97db3c3,7 days ago,Principal Software Engineer,General Electric,"San Ramon, CA",http://www.indeed.com/viewjob?jk=d5b21aeda97db3c3&qd=zVVgHaIsANns6DE747QssEEC3YaduFcT_soE8i5tWuw79QA6F3yjkknpMLiiJpbxcZ7pDO_pDrr4KZi-yTUaKzgWHf8PH76sF9vX4O-WMzwmh0iutnZzgSV3kanIU-VY&indpubnum=8145859988824678&atk=1be1946u4ag6f9kn
39f88d62d85cd93b,15 days ago,Software Designer,Hewlett Packard Enterprise,"Pleasanton, CA",http://www.indeed.com/viewjob?jk=39f88d62d85cd93b&qd=zVVgHaIsANns6DE747QssEEC3YaduFcT_soE8i5tWuw79QA6F3yjkknpMLiiJpbxcZ7pDO_pDrr4KZi-yTUaKzgWHf8PH76sF9vX4O-WMzwmh0iutnZzgSV3kanIU-VY&indpubnum=8145859988824678&atk=1be1946u4ag6f9kn
39f88d62d85cd93b,15 days ago,Software Designer,Hewlett Packard Enterprise,"Pleasanton, CA",http://www.indeed.com/viewjob?jk=39f88d62d85cd93b&qd=zVVgHaIsANns6DE747QssEEC3YaduFcT_soE8i5tWuw79QA6F3yjkknpMLiiJpbxcZ7pDO_pDrr4KZi-yTUaKzgWHf8PH76sF9vX4O-WMzwmh0iutnZzgSV3kanIU-VY&indpubnum=8145859988824678&atk=1be1947a5a4mif1s
d1d4ff393b7089aa,7 days ago,Software Engineer (Full Time) - United States 1011952,Cisco Systems,"San Jose, CA",http://www.indeed.com/viewjob?jk=d1d4ff393b7089aa&qd=zVVgHaIsANns6DE747QssEEC3YaduFcT_soE8i5tWuw79QA6F3yjkknpMLiiJpbxcZ7pDO_pDrr4KZi-yTUaKzgWHf8PH76sF9vX4O-WMzwmh0iutnZzgSV3kanIU-VY&indpubnum=8145859988824678&atk=1be1947i2af6jbrh
b55ca481ab5fc496,30+ days ago,Software Engineer,General Electric,"San Ramon, CA",http://www.indeed.com/viewjob?jk=b55ca481ab5fc496&qd=zVVgHaIsANns6DE747QssEEC3YaduFcT_soE8i5tWuw79QA6F3yjkknpMLiiJpbxcZ7pDO_pDrr4KZi-yTUaKzgWHf8PH76sF9vX4O-WMzwmh0iutnZzgSV3kanIU-VY&indpubnum=8145859988824678&atk=1be1947i2af6jbrh
bbfcb2de03b84cbe,7 days ago,Software Engineer (Intern) - United States 1011954,Cisco Systems,"San Jose, CA",http://www.indeed.com/viewjob?jk=bbfcb2de03b84cbe&qd=zVVgHaIsANns6DE747QssEEC3YaduFcT_soE8i5tWuw79QA6F3yjkknpMLiiJpbxcZ7pDO_pDrr4KZi-yTUaKzgWHf8PH76sF9vX4O-WMzwmh0iutnZzgSV3kanIU-VY&indpubnum=8145859988824678&atk=1be1947i2af6jbrh
d1d4ff393b7089aa,7 days ago,Software Engineer (Full Time) - United States 1011952,Cisco Systems,"San Jose, CA",http://www.indeed.com/viewjob?jk=d1d4ff393b7089aa&qd=zVVgHaIsANns6DE747QssEEC3YaduFcT_soE8i5tWuw79QA6F3yjkknpMLiiJpbxxihipR7X5OmF2AK3zRHx-jgWHf8PH76sF9vX4O-WMzxxTaLTeyBi9Rp3eM7OLhOP&indpubnum=8145859988824678&atk=1be1947rqa0ucfv5
b55ca481ab5fc496,30+ days ago,Software Engineer,General Electric,"San Ramon, CA",http://www.indeed.com/viewjob?jk=b55ca481ab5fc496&qd=zVVgHaIsANns6DE747QssEEC3YaduFcT_soE8i5tWuw79QA6F3yjkknpMLiiJpbxxihipR7X5OmF2AK3zRHx-jgWHf8PH76sF9vX4O-WMzxxTaLTeyBi9Rp3eM7OLhOP&indpubnum=8145859988824678&atk=1be1947rqa0ucfv5
bbfcb2de03b84cbe,7 days ago,Software Engineer (Intern) - United States 1011954,Cisco Systems,"San Jose, CA",http://www.indeed.com/viewjob?jk=bbfcb2de03b84cbe&qd=zVVgHaIsANns6DE747QssEEC3YaduFcT_soE8i5tWuw79QA6F3yjkknpMLiiJpbxxihipR7X5OmF2AK3zRHx-jgWHf8PH76sF9vX4O-WMzxxTaLTeyBi9Rp3eM7OLhOP&indpubnum=8145859988824678&atk=1be1947rqa0ucfv5
bbfcb2de03b84cbe,7 days ago,Software Engineer (Intern) - United States 1011954,Cisco Systems,"San Jose, CA",http://www.indeed.com/viewjob?jk=bbfcb2de03b84cbe&qd=zVVgHaIsANns6DE747QssEEC3YaduFcT_soE8i5tWuw79QA6F3yjkknpMLiiJpbxxihipR7X5OmF2AK3zRHx-jgWHf8PH76sF9vX4O-WMzxxTaLTeyBi9Rp3eM7OLhOP&indpubnum=8145859988824678&atk=1be194845afqlegt
94333a1c09c9737a,15 days ago,HPE Software Engineer,Hewlett Packard Enterprise,"Pleasanton, CA",http://www.indeed.com/viewjob?jk=94333a1c09c9737a&qd=zVVgHaIsANns6DE747QssEEC3YaduFcT_soE8i5tWuw79QA6F3yjkknpMLiiJpbxcZ7pDO_pDrr4KZi-yTUaKzgWHf8PH76sF9vX4O-WMzyKCiu2V2vqs3uLPH8XEb9h&indpubnum=8145859988824678&atk=1be1948o2aumhak9
603377fbb8264293,15 days ago,Technical Services Software Engineer,Hewlett Packard Enterprise,"Pleasanton, CA",http://www.indeed.com/viewjob?jk=603377fbb8264293&qd=zVVgHaIsANns6DE747QssEEC3YaduFcT_soE8i5tWuw79QA6F3yjkknpMLiiJpbxcZ7pDO_pDrr4KZi-yTUaKzgWHf8PH76sF9vX4O-WMzyKCiu2V2vqs3uLPH8XEb9h&indpubnum=8145859988824678&atk=1be1948o2aumhak9
94333a1c09c9737a,15 days ago,HPE Software Engineer,Hewlett Packard Enterprise,"Pleasanton, CA",http://www.indeed.com/viewjob?jk=94333a1c09c9737a&qd=zVVgHaIsANns6DE747QssEEC3YaduFcT_soE8i5tWuw79QA6F3yjkknpMLiiJpbxxihipR7X5OmF2AK3zRHx-jgWHf8PH76sF9vX4O-WMzyKCiu2V2vqs3uLPH8XEb9h&indpubnum=8145859988824678&atk=1be19492cagmk9i5
603377fbb8264293,15 days ago,Technical Services Software Engineer,Hewlett Packard Enterprise,"Pleasanton, CA",http://www.indeed.com/viewjob?jk=603377fbb8264293&qd=zVVgHaIsANns6DE747QssEEC3YaduFcT_soE8i5tWuw79QA6F3yjkknpMLiiJpbxxihipR7X5OmF2AK3zRHx-jgWHf8PH76sF9vX4O-WMzyKCiu2V2vqs3uLPH8XEb9h&indpubnum=8145859988824678&atk=1be19492cagmk9i5
7dced639e46e9c23,30+ days ago,"Software Engineer, University Grad",Facebook,"Menlo Park, CA",http://www.indeed.com/viewjob?jk=7dced639e46e9c23&qd=zVVgHaIsANns6DE747QssEEC3YaduFcT_soE8i5tWuw79QA6F3yjkknpMLiiJpbxxihipR7X5OmF2AK3zRHx-jgWHf8PH76sF9vX4O-WMzyKCiu2V2vqs3uLPH8XEb9h&indpubnum=8145859988824678&atk=1be1949dqa0icdmb
7dced639e46e9c23,30+ days ago,"Software Engineer, University Grad",Facebook,"Menlo Park, CA",http://www.indeed.com/viewjob?jk=7dced639e46e9c23&qd=zVVgHaIsANns6DE747QssEEC3YaduFcT_soE8i5tWuw79QA6F3yjkknpMLiiJpbxcZ7pDO_pDrr4KZi-yTUaKzgWHf8PH76sF9vX4O-WMzy2_vLhn7Mo0ogtvXIT5JLH&indpubnum=8145859988824678&atk=1be1949lta4ijflq
d5b21aeda97db3c3,7 days ago,Principal Software Engineer,General Electric,"San Ramon, CA",http://www.indeed.com/viewjob?jk=d5b21aeda97db3c3&qd=zVVgHaIsANns6DE747QssEEC3YaduFcT_soE8i5tWuw79QA6F3yjkknpMLiiJpbxxihipR7X5OmF2AK3zRHx-jgWHf8PH76sF9vX4O-WMzwLTQ8NSUSyWxGpY-B2OuLR&indpubnum=8145859988824678&atk=1be19588qag2mdno
39f88d62d85cd93b,15 days ago,Software Designer,Hewlett Packard Enterprise,"Pleasanton, CA",http://www.indeed.com/viewjob?jk=39f88d62d85cd93b&qd=zVVgHaIsANns6DE747QssEEC3YaduFcT_soE8i5tWuw79QA6F3yjkknpMLiiJpbxxihipR7X5OmF2AK3zRHx-jgWHf8PH76sF9vX4O-WMzwLTQ8NSUSyWxGpY-B2OuLR&indpubnum=8145859988824678&atk=1be19588qag2mdno
39f88d62d85cd93b,15 days ago,Software Designer,Hewlett Packard Enterprise,"Pleasanton, CA",http://www.indeed.com/viewjob?jk=39f88d62d85cd93b&qd=zVVgHaIsANns6DE747QssEEC3YaduFcT_soE8i5tWuw79QA6F3yjkknpMLiiJpbxcZ7pDO_pDrr4KZi-yTUaKzgWHf8PH76sF9vX4O-WMzwLTQ8NSUSyWxGpY-B2OuLR&indpubnum=8145859988824678&atk=1be1958k6af2pfvo
d1d4ff393b7089aa,7 days ago,Software Engineer (Full Time) - United States 1011952,Cisco Systems,"San Jose, CA",http://www.indeed.com/viewjob?jk=d1d4ff393b7089aa&qd=zVVgHaIsANns6DE747QssEEC3YaduFcT_soE8i5tWuw79QA6F3yjkknpMLiiJpbxxihipR7X5OmF2AK3zRHx-jgWHf8PH76sF9vX4O-WMzxT5eg5SHWIIz2BjNLLDxNE&indpubnum=8145859988824678&atk=1be1958s4afakeqv
b55ca481ab5fc496,30+ days ago,Software Engineer,General Electric,"San Ramon, CA",http://www.indeed.com/viewjob?jk=b55ca481ab5fc496&qd=zVVgHaIsANns6DE747QssEEC3YaduFcT_soE8i5tWuw79QA6F3yjkknpMLiiJpbxxihipR7X5OmF2AK3zRHx-jgWHf8PH76sF9vX4O-WMzxT5eg5SHWIIz2BjNLLDxNE&indpubnum=8145859988824678&atk=1be1958s4afakeqv
bbfcb2de03b84cbe,7 days ago,Software Engineer (Intern) - United States 1011954,Cisco Systems,"San Jose, CA",http://www.indeed.com/viewjob?jk=bbfcb2de03b84cbe&qd=zVVgHaIsANns6DE747QssEEC3YaduFcT_soE8i5tWuw79QA6F3yjkknpMLiiJpbxxihipR7X5OmF2AK3zRHx-jgWHf8PH76sF9vX4O-WMzxT5eg5SHWIIz2BjNLLDxNE&indpubnum=8145859988824678&atk=1be1958s4afakeqv
d1d4ff393b7089aa,7 days ago,Software Engineer (Full Time) - United States 1011952,Cisco Systems,"San Jose, CA",http://www.indeed.com/viewjob?jk=d1d4ff393b7089aa&qd=zVVgHaIsANns6DE747QssEEC3YaduFcT_soE8i5tWuw79QA6F3yjkknpMLiiJpbxxihipR7X5OmF2AK3zRHx-jgWHf8PH76sF9vX4O-WMzxT5eg5SHWIIz2BjNLLDxNE&indpubnum=8145859988824678&atk=1be19597cagejafs
b55ca481ab5fc496,30+ days ago,Software Engineer,General Electric,"San Ramon, CA",http://www.indeed.com/viewjob?jk=b55ca481ab5fc496&qd=zVVgHaIsANns6DE747QssEEC3YaduFcT_soE8i5tWuw79QA6F3yjkknpMLiiJpbxxihipR7X5OmF2AK3zRHx-jgWHf8PH76sF9vX4O-WMzxT5eg5SHWIIz2BjNLLDxNE&indpubnum=8145859988824678&atk=1be19597cagejafs
bbfcb2de03b84cbe,7 days ago,Software Engineer (Intern) - United States 1011954,Cisco Systems,"San Jose, CA",http://www.indeed.com/viewjob?jk=bbfcb2de03b84cbe&qd=zVVgHaIsANns6DE747QssEEC3YaduFcT_soE8i5tWuw79QA6F3yjkknpMLiiJpbxxihipR7X5OmF2AK3zRHx-jgWHf8PH76sF9vX4O-WMzxT5eg5SHWIIz2BjNLLDxNE&indpubnum=8145859988824678&atk=1be19597cagejafs
bbfcb2de03b84cbe,7 days ago,Software Engineer (Intern) - United States 1011954,Cisco Systems,"San Jose, CA",http://www.indeed.com/viewjob?jk=bbfcb2de03b84cbe&qd=zVVgHaIsANns6DE747QssEEC3YaduFcT_soE8i5tWuw79QA6F3yjkknpMLiiJpbxcZ7pDO_pDrr4KZi-yTUaKzgWHf8PH76sF9vX4O-WMzzqWZ1abWgKqumai7T7Xjon&indpubnum=8145859988824678&atk=1be195av7avmg9af
94333a1c09c9737a,15 days ago,HPE Software Engineer,Hewlett Packard Enterprise,"Pleasanton, CA",http://www.indeed.com/viewjob?jk=94333a1c09c9737a&qd=zVVgHaIsANns6DE747QssEEC3YaduFcT_soE8i5tWuw79QA6F3yjkknpMLiiJpbxxihipR7X5OmF2AK3zRHx-jgWHf8PH76sF9vX4O-WMzzqWZ1abWgKqumai7T7Xjon&indpubnum=8145859988824678&atk=1be195bkjaumidac
603377fbb8264293,15 days ago,Technical Services Software Engineer,Hewlett Packard Enterprise,"Pleasanton, CA",http://www.indeed.com/viewjob?jk=603377fbb8264293&qd=zVVgHaIsANns6DE747QssEEC3YaduFcT_soE8i5tWuw79QA6F3yjkknpMLiiJpbxxihipR7X5OmF2AK3zRHx-jgWHf8PH76sF9vX4O-WMzzqWZ1abWgKqumai7T7Xjon&indpubnum=8145859988824678&atk=1be195bkjaumidac
94333a1c09c9737a,15 days ago,HPE Software Engineer,Hewlett Packard Enterprise,"Pleasanton, CA",http://www.indeed.com/viewjob?jk=94333a1c09c9737a&qd=zVVgHaIsANns6DE747QssEEC3YaduFcT_soE8i5tWuw79QA6F3yjkknpMLiiJpbxcZ7pDO_pDrr4KZi-yTUaKzgWHf8PH76sF9vX4O-WMzxBZ9kk0r754FRdZm-v9dC_&indpubnum=8145859988824678&atk=1be195buua3em8s2
603377fbb8264293,15 days ago,Technical Services Software Engineer,Hewlett Packard Enterprise,"Pleasanton, CA",http://www.indeed.com/viewjob?jk=603377fbb8264293&qd=zVVgHaIsANns6DE747QssEEC3YaduFcT_soE8i5tWuw79QA6F3yjkknpMLiiJpbxcZ7pDO_pDrr4KZi-yTUaKzgWHf8PH76sF9vX4O-WMzxBZ9kk0r754FRdZm-v9dC_&indpubnum=8145859988824678&atk=1be195buua3em8s2
7dced639e46e9c23,30+ days ago,"Software Engineer, University Grad",Facebook,"Menlo Park, CA",http://www.indeed.com/viewjob?jk=7dced639e46e9c23&qd=zVVgHaIsANns6DE747QssEEC3YaduFcT_soE8i5tWuw79QA6F3yjkknpMLiiJpbxxihipR7X5OmF2AK3zRHx-jgWHf8PH76sF9vX4O-WMzxBZ9kk0r754FRdZm-v9dC_&indpubnum=8145859988824678&atk=1be195c7dah6pdnn
7dced639e46e9c23,30+ days ago,"Software Engineer, University Grad",Facebook,"Menlo Park, CA",http://www.indeed.com/viewjob?jk=7dced639e46e9c23&qd=zVVgHaIsANns6DE747QssEEC3YaduFcT_soE8i5tWuw79QA6F3yjkknpMLiiJpbxxihipR7X5OmF2AK3zRHx-jgWHf8PH76sF9vX4O-WMzxBZ9kk0r754FRdZm-v9dC_&indpubnum=8145859988824678&atk=1be195cg7a4ql9dn
d5b21aeda97db3c3,7 days ago,Principal Software Engineer,General Electric,"San Ramon, CA",http://www.indeed.com/viewjob?jk=d5b21aeda97db3c3&qd=zVVgHaIsANns6DE747QssEEC3YaduFcT_soE8i5tWuw79QA6F3yjkknpMLiiJpbxxihipR7X5OmF2AK3zRHx-jgWHf8PH76sF9vX4O-WMzxKmNyonE1gtvKuYyR1HgCF&indpubnum=8145859988824678&atk=1be196gjsa12ddo8
39f88d62d85cd93b,15 days ago,Software Designer,Hewlett Packard Enterprise,"Pleasanton, CA",http://www.indeed.com/viewjob?jk=39f88d62d85cd93b&qd=zVVgHaIsANns6DE747QssEEC3YaduFcT_soE8i5tWuw79QA6F3yjkknpMLiiJpbxxihipR7X5OmF2AK3zRHx-jgWHf8PH76sF9vX4O-WMzxKmNyonE1gtvKuYyR1HgCF&indpubnum=8145859988824678&atk=1be196gjsa12ddo8
39f88d62d85cd93b,15 days ago,Software Designer,Hewlett Packard Enterprise,"Pleasanton, CA",http://www.indeed.com/viewjob?jk=39f88d62d85cd93b&qd=zVVgHaIsANns6DE747QssEEC3YaduFcT_soE8i5tWuw79QA6F3yjkknpMLiiJpbxxihipR7X5OmF2AK3zRHx-jgWHf8PH76sF9vX4O-WMzxaFURYfkGLvoQB6EyAWABV&indpubnum=8145859988824678&atk=1be196h0oa52kceu
d1d4ff393b7089aa,7 days ago,Software Engineer (Full Time) - United States 1011952,Cisco Systems,"San Jose, CA",http://www.indeed.com/viewjob?jk=d1d4ff393b7089aa&qd=zVVgHaIsANns6DE747QssEEC3YaduFcT_soE8i5tWuw79QA6F3yjkknpMLiiJpbxxihipR7X5OmF2AK3zRHx-jgWHf8PH76sF9vX4O-WMzxaFURYfkGLvoQB6EyAWABV&indpubnum=8145859988824678&atk=1be196haragqmfih
b55ca481ab5fc496,30+ days ago,Software Engineer,General Electric,"San Ramon, CA",http://www.indeed.com/viewjob?jk=b55ca481ab5fc496&qd=zVVgHaIsANns6DE747QssEEC3YaduFcT_soE8i5tWuw79QA6F3yjkknpMLiiJpbxxihipR7X5OmF2AK3zRHx-jgWHf8PH76sF9vX4O-WMzxaFURYfkGLvoQB6EyAWABV&indpubnum=8145859988824678&atk=1be196haragqmfih
bbfcb2de03b84cbe,7 days ago,Software Engineer (Intern) - United States 1011954,Cisco Systems,"San Jose, CA",http://www.indeed.com/viewjob?jk=bbfcb2de03b84cbe&qd=zVVgHaIsANns6DE747QssEEC3YaduFcT_soE8i5tWuw79QA6F3yjkknpMLiiJpbxxihipR7X5OmF2AK3zRHx-jgWHf8PH76sF9vX4O-WMzxaFURYfkGLvoQB6EyAWABV&indpubnum=8145859988824678&atk=1be196haragqmfih
d1d4ff393b7089aa,7 days ago,Software Engineer (Full Time) - United States 1011952,Cisco Systems,"San Jose, CA",http://www.indeed.com/viewjob?jk=d1d4ff393b7089aa&qd=zVVgHaIsANns6DE747QssEEC3YaduFcT_soE8i5tWuw79QA6F3yjkknpMLiiJpbxxihipR7X5OmF2AK3zRHx-jgWHf8PH76sF9vX4O-WMzybE3n8UJgSSc3_BocdKjUZ&indpubnum=8145859988824678&atk=1be196j21aviiesu
b55ca481ab5fc496,30+ days ago,Software Engineer,General Electric,"San Ramon, CA",http://www.indeed.com/viewjob?jk=b55ca481ab5fc496&qd=zVVgHaIsANns6DE747QssEEC3YaduFcT_soE8i5tWuw79QA6F3yjkknpMLiiJpbxxihipR7X5OmF2AK3zRHx-jgWHf8PH76sF9vX4O-WMzybE3n8UJgSSc3_BocdKjUZ&indpubnum=8145859988824678&atk=1be196j21aviiesu
bbfcb2de03b84cbe,7 days ago,Software Engineer (Intern) - United States 1011954,Cisco Systems,"San Jose, CA",http://www.indeed.com/viewjob?jk=bbfcb2de03b84cbe&qd=zVVgHaIsANns6DE747QssEEC3YaduFcT_soE8i5tWuw79QA6F3yjkknpMLiiJpbxxihipR7X5OmF2AK3zRHx-jgWHf8PH76sF9vX4O-WMzybE3n8UJgSSc3_BocdKjUZ&indpubnum=8145859988824678&atk=1be196j21aviiesu
bbfcb2de03b84cbe,7 days ago,Software Engineer (Intern) - United States 1011954,Cisco Systems,"San Jose, CA",http://www.indeed.com/viewjob?jk=bbfcb2de03b84cbe&qd=zVVgHaIsANns6DE747QssEEC3YaduFcT_soE8i5tWuw79QA6F3yjkknpMLiiJpbxxihipR7X5OmF2AK3zRHx-jgWHf8PH76sF9vX4O-WMzybE3n8UJgSSc3_BocdKjUZ&indpubnum=8145859988824678&atk=1be196jcua0qheht
94333a1c09c9737a,15 days ago,HPE Software Engineer,Hewlett Packard Enterprise,"Pleasanton, CA",http://www.indeed.com/viewjob?jk=94333a1c09c9737a&qd=zVVgHaIsANns6DE747QssEEC3YaduFcT_soE8i5tWuw79QA6F3yjkknpMLiiJpbxxihipR7X5OmF2AK3zRHx-jgWHf8PH76sF9vX4O-WMzwpbKzlEOxGIH3aDl9QTbut&indpubnum=8145859988824678&atk=1be196k7rav2fa6k
603377fbb8264293,15 days ago,Technical Services Software Engineer,Hewlett Packard Enterprise,"Pleasanton, CA",http://www.indeed.com/viewjob?jk=603377fbb8264293&qd=zVVgHaIsANns6DE747QssEEC3YaduFcT_soE8i5tWuw79QA6F3yjkknpMLiiJpbxxihipR7X5OmF2AK3zRHx-jgWHf8PH76sF9vX4O-WMzwpbKzlEOxGIH3aDl9QTbut&indpubnum=8145859988824678&atk=1be196k7rav2fa6k
94333a1c09c9737a,15 days ago,HPE Software Engineer,Hewlett Packard Enterprise,"Pleasanton, CA",http://www.indeed.com/viewjob?jk=94333a1c09c9737a&qd=zVVgHaIsANns6DE747QssEEC3YaduFcT_soE8i5tWuw79QA6F3yjkknpMLiiJpbxxihipR7X5OmF2AK3zRHx-jgWHf8PH76sF9vX4O-WMzwpbKzlEOxGIH3aDl9QTbut&indpubnum=8145859988824678&atk=1be196kita3qnaup
603377fbb8264293,15 days ago,Technical Services Software Engineer,Hewlett Packard Enterprise,"Pleasanton, CA",http://www.indeed.com/viewjob?jk=603377fbb8264293&qd=zVVgHaIsANns6DE747QssEEC3YaduFcT_soE8i5tWuw79QA6F3yjkknpMLiiJpbxxihipR7X5OmF2AK3zRHx-jgWHf8PH76sF9vX4O-WMzwpbKzlEOxGIH3aDl9QTbut&indpubnum=8145859988824678&atk=1be196kita3qnaup
7dced639e46e9c23,30+ days ago,"Software Engineer, University Grad",Facebook,"Menlo Park, CA",http://www.indeed.com/viewjob?jk=7dced639e46e9c23&qd=zVVgHaIsANns6DE747QssEEC3YaduFcT_soE8i5tWuw79QA6F3yjkknpMLiiJpbxxihipR7X5OmF2AK3zRHx-jgWHf8PH76sF9vX4O-WMzzxT7wvfLm3JpKY5dhgGlP5&indpubnum=8145859988824678&atk=1be196kqqafmkdvo
7dced639e46e9c23,30+ days ago,"Software Engineer, University Grad",Facebook,"Menlo Park, CA",http://www.indeed.com/viewjob?jk=7dced639e46e9c23&qd=zVVgHaIsANns6DE747QssEEC3YaduFcT_soE8i5tWuw79QA6F3yjkknpMLiiJpbxxihipR7X5OmF2AK3zRHx-jgWHf8PH76sF9vX4O-WMzzxT7wvfLm3JpKY5dhgGlP5&indpubnum=8145859988824678&atk=1be196l7pagei9mj
d5b21aeda97db3c3,7 days ago,Principal Software Engineer,General Electric,"San Ramon, CA",http://www.indeed.com/viewjob?jk=d5b21aeda97db3c3&qd=zVVgHaIsANns6DE747QssEEC3YaduFcT_soE8i5tWuw79QA6F3yjkknpMLiiJpbxxihipR7X5OmF2AK3zRHx-jgWHf8PH76sF9vX4O-WMzwhLrfA_j7t0koD7qal48WI&indpubnum=8145859988824678&atk=1be197ombafql8ek
39f88d62d85cd93b,15 days ago,Software Designer,Hewlett Packard Enterprise,"Pleasanton, CA",http://www.indeed.com/viewjob?jk=39f88d62d85cd93b&qd=zVVgHaIsANns6DE747QssEEC3YaduFcT_soE8i5tWuw79QA6F3yjkknpMLiiJpbxxihipR7X5OmF2AK3zRHx-jgWHf8PH76sF9vX4O-WMzwhLrfA_j7t0koD7qal48WI&indpubnum=8145859988824678&atk=1be197ombafql8ek
39f88d62d85cd93b,15 days ago,Software Designer,Hewlett Packard Enterprise,"Pleasanton, CA",http://www.indeed.com/viewjob?jk=39f88d62d85cd93b&qd=zVVgHaIsANns6DE747QssEEC3YaduFcT_soE8i5tWuw79QA6F3yjkknpMLiiJpbxxihipR7X5OmF2AK3zRHx-jgWHf8PH76sF9vX4O-WMzxpYBECOTgjhwcFSlaY5mwB&indpubnum=8145859988824678&atk=1be197p0eagqla0g
d1d4ff393b7089aa,7 days ago,Software Engineer (Full Time) - United States 1011952,Cisco Systems,"San Jose, CA",http://www.indeed.com/viewjob?jk=d1d4ff393b7089aa&qd=zVVgHaIsANns6DE747QssEEC3YaduFcT_soE8i5tWuw79QA6F3yjkknpMLiiJpbxxihipR7X5OmF2AK3zRHx-jgWHf8PH76sF9vX4O-WMzxpYBECOTgjhwcFSlaY5mwB&indpubnum=8145859988824678&atk=1be197p7pafena8f
b55ca481ab5fc496,30+ days ago,Software Engineer,General Electric,"San Ramon, CA",http://www.indeed.com/viewjob?jk=b55ca481ab5fc496&qd=zVVgHaIsANns6DE747QssEEC3YaduFcT_soE8i5tWuw79QA6F3yjkknpMLiiJpbxxihipR7X5OmF2AK3zRHx-jgWHf8PH76sF9vX4O-WMzxpYBECOTgjhwcFSlaY5mwB&indpubnum=8145859988824678&atk=1be197p7pafena8f
bbfcb2de03b84cbe,7 days ago,Software Engineer (Intern) - United States 1011954,Cisco Systems,"San Jose, CA",http://www.indeed.com/viewjob?jk=bbfcb2de03b84cbe&qd=zVVgHaIsANns6DE747QssEEC3YaduFcT_soE8i5tWuw79QA6F3yjkknpMLiiJpbxxihipR7X5OmF2AK3zRHx-jgWHf8PH76sF9vX4O-WMzxpYBECOTgjhwcFSlaY5mwB&indpubnum=8145859988824678&atk=1be197p7pafena8f
d1d4ff393b7089aa,7 days ago,Software Engineer (Full Time) - United States 1011952,Cisco Systems,"San Jose, CA",http://www.indeed.com/viewjob?jk=d1d4ff393b7089aa&qd=zVVgHaIsANns6DE747QssEEC3YaduFcT_soE8i5tWuw79QA6F3yjkknpMLiiJpbxxihipR7X5OmF2AK3zRHx-jgWHf8PH76sF9vX4O-WMzxpYBECOTgjhwcFSlaY5mwB&indpubnum=8145859988824678&atk=1be197pf2a1afaqu
b55ca481ab5fc496,30+ days ago,Software Engineer,General Electric,"San Ramon, CA",http://www.indeed.com/viewjob?jk=b55ca481ab5fc496&qd=zVVgHaIsANns6DE747QssEEC3YaduFcT_soE8i5tWuw79QA6F3yjkknpMLiiJpbxxihipR7X5OmF2AK3zRHx-jgWHf8PH76sF9vX4O-WMzxpYBECOTgjhwcFSlaY5mwB&indpubnum=8145859988824678&atk=1be197pf2a1afaqu
bbfcb2de03b84cbe,7 days ago,Software Engineer (Intern) - United States 1011954,Cisco Systems,"San Jose, CA",http://www.indeed.com/viewjob?jk=bbfcb2de03b84cbe&qd=zVVgHaIsANns6DE747QssEEC3YaduFcT_soE8i5tWuw79QA6F3yjkknpMLiiJpbxxihipR7X5OmF2AK3zRHx-jgWHf8PH76sF9vX4O-WMzxpYBECOTgjhwcFSlaY5mwB&indpubnum=8145859988824678&atk=1be197pf2a1afaqu
bbfcb2de03b84cbe,7 days ago,Software Engineer (Intern) - United States 1011954,Cisco Systems,"San Jose, CA",http://www.indeed.com/viewjob?jk=bbfcb2de03b84cbe&qd=zVVgHaIsANns6DE747QssEEC3YaduFcT_soE8i5tWuw79QA6F3yjkknpMLiiJpbxxihipR7X5OmF2AK3zRHx-jgWHf8PH76sF9vX4O-WMzxpYBECOTgjhwcFSlaY5mwB&indpubnum=8145859988824678&atk=1be197po0afmk9q3
94333a1c09c9737a,15 days ago,HPE Software Engineer,Hewlett Packard Enterprise,"Pleasanton, CA",http://www.indeed.com/viewjob?jk=94333a1c09c9737a&qd=zVVgHaIsANns6DE747QssEEC3YaduFcT_soE8i5tWuw79QA6F3yjkknpMLiiJpbxxihipR7X5OmF2AK3zRHx-jgWHf8PH76sF9vX4O-WMzwsk_bEZIxBouhBya5sp9Dy&indpubnum=8145859988824678&atk=1be197q7ka3ul8u6
603377fbb8264293,15 days ago,Technical Services Software Engineer,Hewlett Packard Enterprise,"Pleasanton, CA",http://www.indeed.com/viewjob?jk=603377fbb8264293&qd=zVVgHaIsANns6DE747QssEEC3YaduFcT_soE8i5tWuw79QA6F3yjkknpMLiiJpbxxihipR7X5OmF2AK3zRHx-jgWHf8PH76sF9vX4O-WMzwsk_bEZIxBouhBya5sp9Dy&indpubnum=8145859988824678&atk=1be197q7ka3ul8u6
94333a1c09c9737a,15 days ago,HPE Software Engineer,Hewlett Packard Enterprise,"Pleasanton, CA",http://www.indeed.com/viewjob?jk=94333a1c09c9737a&qd=zVVgHaIsANns6DE747QssEEC3YaduFcT_soE8i5tWuw79QA6F3yjkknpMLiiJpbxxihipR7X5OmF2AK3zRHx-jgWHf8PH76sF9vX4O-WMzwsk_bEZIxBouhBya5sp9Dy&indpubnum=8145859988824678&atk=1be197qilafum85h
603377fbb8264293,15 days ago,Technical Services Software Engineer,Hewlett Packard Enterprise,"Pleasanton, CA",http://www.indeed.com/viewjob?jk=603377fbb8264293&qd=zVVgHaIsANns6DE747QssEEC3YaduFcT_soE8i5tWuw79QA6F3yjkknpMLiiJpbxxihipR7X5OmF2AK3zRHx-jgWHf8PH76sF9vX4O-WMzwsk_bEZIxBouhBya5sp9Dy&indpubnum=8145859988824678&atk=1be197qilafum85h
7dced639e46e9c23,30+ days ago,"Software Engineer, University Grad",Facebook,"Menlo Park, CA",http://www.indeed.com/viewjob?jk=7dced639e46e9c23&qd=zVVgHaIsANns6DE747QssEEC3YaduFcT_soE8i5tWuw79QA6F3yjkknpMLiiJpbxxihipR7X5OmF2AK3zRHx-jgWHf8PH76sF9vX4O-WMzwsk_bEZIxBouhBya5sp9Dy&indpubnum=8145859988824678&atk=1be197qq4a4ufbhu
7dced639e46e9c23,30+ days ago,"Software Engineer, University Grad",Facebook,"Menlo Park, CA",http://www.indeed.com/viewjob?jk=7dced639e46e9c23&qd=zVVgHaIsANns6DE747QssEEC3YaduFcT_soE8i5tWuw79QA6F3yjkknpMLiiJpbxxihipR7X5OmF2AK3zRHx-jgWHf8PH76sF9vX4O-WMzySxNI_TC6grI-PlshjZfpa&indpubnum=8145859988824678&atk=1be197r28a1ae9tb
d5b21aeda97db3c3,7 days ago,Principal Software Engineer,General Electric,"San Ramon, CA",http://www.indeed.com/viewjob?jk=d5b21aeda97db3c3&qd=zVVgHaIsANns6DE747QssEEC3YaduFcT_soE8i5tWuw79QA6F3yjkknpMLiiJpbxmjfUgVwFvC_cZb4eSneXKDgWHf8PH76sF9vX4O-WMzwlwDaK49wv8zFSASwJjv8g&indpubnum=8145859988824678&atk=1be1ao0ouahajaat
39f88d62d85cd93b,15 days ago,Software Designer,Hewlett Packard Enterprise,"Pleasanton, CA",http://www.indeed.com/viewjob?jk=39f88d62d85cd93b&qd=zVVgHaIsANns6DE747QssEEC3YaduFcT_soE8i5tWuw79QA6F3yjkknpMLiiJpbxmjfUgVwFvC_cZb4eSneXKDgWHf8PH76sF9vX4O-WMzwlwDaK49wv8zFSASwJjv8g&indpubnum=8145859988824678&atk=1be1ao0ouahajaat
39f88d62d85cd93b,15 days ago,Software Designer,Hewlett Packard Enterprise,"Pleasanton, CA",http://www.indeed.com/viewjob?jk=39f88d62d85cd93b&qd=zVVgHaIsANns6DE747QssEEC3YaduFcT_soE8i5tWuw79QA6F3yjkknpMLiiJpbxmjfUgVwFvC_cZb4eSneXKDgWHf8PH76sF9vX4O-WMzx-7iPwpZLUu737E9589HKs&indpubnum=8145859988824678&atk=1be1ao2p2a56oe6n
d1d4ff393b7089aa,7 days ago,Software Engineer (Full Time) - United States 1011952,Cisco Systems,"San Jose, CA",http://www.indeed.com/viewjob?jk=d1d4ff393b7089aa&qd=zVVgHaIsANns6DE747QssEEC3YaduFcT_soE8i5tWuw79QA6F3yjkknpMLiiJpbxmjfUgVwFvC_cZb4eSneXKDgWHf8PH76sF9vX4O-WMzyBz2-n-3rQ-CRWWziabmuO&indpubnum=8145859988824678&atk=1be1ao35pa48me5m
b55ca481ab5fc496,30+ days ago,Software Engineer,General Electric,"San Ramon, CA",http://www.indeed.com/viewjob?jk=b55ca481ab5fc496&qd=zVVgHaIsANns6DE747QssEEC3YaduFcT_soE8i5tWuw79QA6F3yjkknpMLiiJpbxmjfUgVwFvC_cZb4eSneXKDgWHf8PH76sF9vX4O-WMzyBz2-n-3rQ-CRWWziabmuO&indpubnum=8145859988824678&atk=1be1ao35pa48me5m
bbfcb2de03b84cbe,7 days ago,Software Engineer (Intern) - United States 1011954,Cisco Systems,"San Jose, CA",http://www.indeed.com/viewjob?jk=bbfcb2de03b84cbe&qd=zVVgHaIsANns6DE747QssEEC3YaduFcT_soE8i5tWuw79QA6F3yjkknpMLiiJpbxmjfUgVwFvC_cZb4eSneXKDgWHf8PH76sF9vX4O-WMzyBz2-n-3rQ-CRWWziabmuO&indpubnum=8145859988824678&atk=1be1ao35pa48me5m
d1d4ff393b7089aa,7 days ago,Software Engineer (Full Time) - United States 1011952,Cisco Systems,"San Jose, CA",http://www.indeed.com/viewjob?jk=d1d4ff393b7089aa&qd=zVVgHaIsANns6DE747QssEEC3YaduFcT_soE8i5tWuw79QA6F3yjkknpMLiiJpbx6irF7SRdniMAWWMhQZLdCTgWHf8PH76sF9vX4O-WMzyBz2-n-3rQ-CRWWziabmuO&indpubnum=8145859988824678&atk=1be1ao3gja0ibe9g
b55ca481ab5fc496,30+ days ago,Software Engineer,General Electric,"San Ramon, CA",http://www.indeed.com/viewjob?jk=b55ca481ab5fc496&qd=zVVgHaIsANns6DE747QssEEC3YaduFcT_soE8i5tWuw79QA6F3yjkknpMLiiJpbx6irF7SRdniMAWWMhQZLdCTgWHf8PH76sF9vX4O-WMzyBz2-n-3rQ-CRWWziabmuO&indpubnum=8145859988824678&atk=1be1ao3gja0ibe9g
bbfcb2de03b84cbe,7 days ago,Software Engineer (Intern) - United States 1011954,Cisco Systems,"San Jose, CA",http://www.indeed.com/viewjob?jk=bbfcb2de03b84cbe&qd=zVVgHaIsANns6DE747QssEEC3YaduFcT_soE8i5tWuw79QA6F3yjkknpMLiiJpbx6irF7SRdniMAWWMhQZLdCTgWHf8PH76sF9vX4O-WMzyBz2-n-3rQ-CRWWziabmuO&indpubnum=8145859988824678&atk=1be1ao3gja0ibe9g
bbfcb2de03b84cbe,7 days ago,Software Engineer (Intern) - United States 1011954,Cisco Systems,"San Jose, CA",http://www.indeed.com/viewjob?jk=bbfcb2de03b84cbe&qd=zVVgHaIsANns6DE747QssEEC3YaduFcT_soE8i5tWuw79QA6F3yjkknpMLiiJpbx6irF7SRdniMAWWMhQZLdCTgWHf8PH76sF9vX4O-WMzxTzp6byCwdUC_T3dHsquZn&indpubnum=8145859988824678&atk=1be1ao3r2a0mjc76
94333a1c09c9737a,15 days ago,HPE Software Engineer,Hewlett Packard Enterprise,"Pleasanton, CA",http://www.indeed.com/viewjob?jk=94333a1c09c9737a&qd=zVVgHaIsANns6DE747QssEEC3YaduFcT_soE8i5tWuw79QA6F3yjkknpMLiiJpbx6irF7SRdniMAWWMhQZLdCTgWHf8PH76sF9vX4O-WMzxTzp6byCwdUC_T3dHsquZn&indpubnum=8145859988824678&atk=1be1ao44qa44mfqt
94333a1c09c9737a,15 days ago,HPE Software Engineer,Hewlett Packard Enterprise,"Pleasanton, CA",http://www.indeed.com/viewjob?jk=94333a1c09c9737a&qd=zVVgHaIsANns6DE747QssEEC3YaduFcT_soE8i5tWuw79QA6F3yjkknpMLiiJpbxmjfUgVwFvC_cZb4eSneXKDgWHf8PH76sF9vX4O-WMzxTzp6byCwdUC_T3dHsquZn&indpubnum=8145859988824678&atk=1be1ao4d2a42ncq4
603377fbb8264293,15 days ago,Technical Services Software Engineer,Hewlett Packard Enterprise,"Pleasanton, CA",http://www.indeed.com/viewjob?jk=603377fbb8264293&qd=zVVgHaIsANns6DE747QssEEC3YaduFcT_soE8i5tWuw79QA6F3yjkknpMLiiJpbxmjfUgVwFvC_cZb4eSneXKDgWHf8PH76sF9vX4O-WMzxTzp6byCwdUC_T3dHsquZn&indpubnum=8145859988824678&atk=1be1ao4d2a42ncq4
94333a1c09c9737a,15 days ago,HPE Software Engineer,Hewlett Packard Enterprise,"Pleasanton, CA",http://www.indeed.com/viewjob?jk=94333a1c09c9737a&qd=zVVgHaIsANns6DE747QssEEC3YaduFcT_soE8i5tWuw79QA6F3yjkknpMLiiJpbx6irF7SRdniMAWWMhQZLdCTgWHf8PH76sF9vX4O-WMzxTzp6byCwdUC_T3dHsquZn&indpubnum=8145859988824678&atk=1be1ao4lua3endst
603377fbb8264293,15 days ago,Technical Services Software Engineer,Hewlett Packard Enterprise,"Pleasanton, CA",http://www.indeed.com/viewjob?jk=603377fbb8264293&qd=zVVgHaIsANns6DE747QssEEC3YaduFcT_soE8i5tWuw79QA6F3yjkknpMLiiJpbx6irF7SRdniMAWWMhQZLdCTgWHf8PH76sF9vX4O-WMzxTzp6byCwdUC_T3dHsquZn&indpubnum=8145859988824678&atk=1be1ao4lua3endst
7dced639e46e9c23,30+ days ago,"Software Engineer, University Grad",Facebook,"Menlo Park, CA",http://www.indeed.com/viewjob?jk=7dced639e46e9c23&qd=zVVgHaIsANns6DE747QssEEC3YaduFcT_soE8i5tWuw79QA6F3yjkknpMLiiJpbxmjfUgVwFvC_cZb4eSneXKDgWHf8PH76sF9vX4O-WMzxRF7r_NpnLDwnCIBeUnBkk&indpubnum=8145859988824678&atk=1be1ao4t6ag6ffq1
7dced639e46e9c23,30+ days ago,"Software Engineer, University Grad",Facebook,"Menlo Park, CA",http://www.indeed.com/viewjob?jk=7dced639e46e9c23&qd=zVVgHaIsANns6DE747QssEEC3YaduFcT_soE8i5tWuw79QA6F3yjkknpMLiiJpbx6irF7SRdniMAWWMhQZLdCTgWHf8PH76sF9vX4O-WMzxRF7r_NpnLDwnCIBeUnBkk&indpubnum=8145859988824678&atk=1be1ao564a3anb5j
d5b21aeda97db3c3,7 days ago,Principal Software Engineer,General Electric,"San Ramon, CA",http://www.indeed.com/viewjob?jk=d5b21aeda97db3c3&qd=zVVgHaIsANns6DE747QssEEC3YaduFcT_soE8i5tWuw79QA6F3yjkknpMLiiJpbxMkRxBsvFqj60HeJDfdSbxDgWHf8PH76sF9vX4O-WMzwPjX03Lr4i1r26Tb6LwHQm&indpubnum=8145859988824678&atk=1be1curjpah2o94h
39f88d62d85cd93b,15 days ago,Software Designer,Hewlett Packard Enterprise,"Pleasanton, CA",http://www.indeed.com/viewjob?jk=39f88d62d85cd93b&qd=zVVgHaIsANns6DE747QssEEC3YaduFcT_soE8i5tWuw79QA6F3yjkknpMLiiJpbxMkRxBsvFqj60HeJDfdSbxDgWHf8PH76sF9vX4O-WMzwPjX03Lr4i1r26Tb6LwHQm&indpubnum=8145859988824678&atk=1be1curjpah2o94h
39f88d62d85cd93b,15 days ago,Software Designer,Hewlett Packard Enterprise,"Pleasanton, CA",http://www.indeed.com/viewjob?jk=39f88d62d85cd93b&qd=zVVgHaIsANns6DE747QssEEC3YaduFcT_soE8i5tWuw79QA6F3yjkknpMLiiJpbxMkRxBsvFqj60HeJDfdSbxDgWHf8PH76sF9vX4O-WMzwPjX03Lr4i1r26Tb6LwHQm&indpubnum=8145859988824678&atk=1be1curvnav6k8ov
d1d4ff393b7089aa,7 days ago,Software Engineer (Full Time) - United States 1011952,Cisco Systems,"San Jose, CA",http://www.indeed.com/viewjob?jk=d1d4ff393b7089aa&qd=zVVgHaIsANns6DE747QssEEC3YaduFcT_soE8i5tWuw79QA6F3yjkknpMLiiJpbxMkRxBsvFqj60HeJDfdSbxDgWHf8PH76sF9vX4O-WMzwPjX03Lr4i1r26Tb6LwHQm&indpubnum=8145859988824678&atk=1be1cuscna48l83t
b55ca481ab5fc496,30+ days ago,Software Engineer,General Electric,"San Ramon, CA",http://www.indeed.com/viewjob?jk=b55ca481ab5fc496&qd=zVVgHaIsANns6DE747QssEEC3YaduFcT_soE8i5tWuw79QA6F3yjkknpMLiiJpbxMkRxBsvFqj60HeJDfdSbxDgWHf8PH76sF9vX4O-WMzwPjX03Lr4i1r26Tb6LwHQm&indpubnum=8145859988824678&atk=1be1cuscna48l83t
bbfcb2de03b84cbe,7 days ago,Software Engineer (Intern) - United States 1011954,Cisco Systems,"San Jose, CA",http://www.indeed.com/viewjob?jk=bbfcb2de03b84cbe&qd=zVVgHaIsANns6DE747QssEEC3YaduFcT_soE8i5tWuw79QA6F3yjkknpMLiiJpbxMkRxBsvFqj60HeJDfdSbxDgWHf8PH76sF9vX4O-WMzwPjX03Lr4i1r26Tb6LwHQm&indpubnum=8145859988824678&atk=1be1cuscna48l83t
d1d4ff393b7089aa,7 days ago,Software Engineer (Full Time) - United States 1011952,Cisco Systems,"San Jose, CA",http://www.indeed.com/viewjob?jk=d1d4ff393b7089aa&qd=zVVgHaIsANns6DE747QssEEC3YaduFcT_soE8i5tWuw79QA6F3yjkknpMLiiJpbxMkRxBsvFqj60HeJDfdSbxDgWHf8PH76sF9vX4O-WMzw2_CC3TPvk10AmKx8_Trou&indpubnum=8145859988824678&atk=1be1cuspgavmhb6p
b55ca481ab5fc496,30+ days ago,Software Engineer,General Electric,"San Ramon, CA",http://www.indeed.com/viewjob?jk=b55ca481ab5fc496&qd=zVVgHaIsANns6DE747QssEEC3YaduFcT_soE8i5tWuw79QA6F3yjkknpMLiiJpbxMkRxBsvFqj60HeJDfdSbxDgWHf8PH76sF9vX4O-WMzw2_CC3TPvk10AmKx8_Trou&indpubnum=8145859988824678&atk=1be1cuspgavmhb6p
bbfcb2de03b84cbe,7 days ago,Software Engineer (Intern) - United States 1011954,Cisco Systems,"San Jose, CA",http://www.indeed.com/viewjob?jk=bbfcb2de03b84cbe&qd=zVVgHaIsANns6DE747QssEEC3YaduFcT_soE8i5tWuw79QA6F3yjkknpMLiiJpbxMkRxBsvFqj60HeJDfdSbxDgWHf8PH76sF9vX4O-WMzw2_CC3TPvk10AmKx8_Trou&indpubnum=8145859988824678&atk=1be1cuspgavmhb6p
bbfcb2de03b84cbe,7 days ago,Software Engineer (Intern) - United States 1011954,Cisco Systems,"San Jose, CA",http://www.indeed.com/viewjob?jk=bbfcb2de03b84cbe&qd=zVVgHaIsANns6DE747QssEEC3YaduFcT_soE8i5tWuw79QA6F3yjkknpMLiiJpbxMkRxBsvFqj60HeJDfdSbxDgWHf8PH76sF9vX4O-WMzw2_CC3TPvk10AmKx8_Trou&indpubnum=8145859988824678&atk=1be1cut4aafakes5
94333a1c09c9737a,15 days ago,HPE Software Engineer,Hewlett Packard Enterprise,"Pleasanton, CA",http://www.indeed.com/viewjob?jk=94333a1c09c9737a&qd=zVVgHaIsANns6DE747QssEEC3YaduFcT_soE8i5tWuw79QA6F3yjkknpMLiiJpbxMkRxBsvFqj60HeJDfdSbxDgWHf8PH76sF9vX4O-WMzw2_CC3TPvk10AmKx8_Trou&indpubnum=8145859988824678&atk=1be1cutcna12dall
94333a1c09c9737a,15 days ago,HPE Software Engineer,Hewlett Packard Enterprise,"Pleasanton, CA",http://www.indeed.com/viewjob?jk=94333a1c09c9737a&qd=zVVgHaIsANns6DE747QssEEC3YaduFcT_soE8i5tWuw79QA6F3yjkknpMLiiJpbxMkRxBsvFqj60HeJDfdSbxDgWHf8PH76sF9vX4O-WMzwhrVZr859dn2Oqw5QQtrnD&indpubnum=8145859988824678&atk=1be1cutp7agaldvs
603377fbb8264293,15 days ago,Technical Services Software Engineer,Hewlett Packard Enterprise,"Pleasanton, CA",http://www.indeed.com/viewjob?jk=603377fbb8264293&qd=zVVgHaIsANns6DE747QssEEC3YaduFcT_soE8i5tWuw79QA6F3yjkknpMLiiJpbxMkRxBsvFqj60HeJDfdSbxDgWHf8PH76sF9vX4O-WMzwhrVZr859dn2Oqw5QQtrnD&indpubnum=8145859988824678&atk=1be1cutp7agaldvs
94333a1c09c9737a,15 days ago,HPE Software Engineer,Hewlett Packard Enterprise,"Pleasanton, CA",http://www.indeed.com/viewjob?jk=94333a1c09c9737a&qd=zVVgHaIsANns6DE747QssEEC3YaduFcT_soE8i5tWuw79QA6F3yjkknpMLiiJpbxMkRxBsvFqj60HeJDfdSbxDgWHf8PH76sF9vX4O-WMzxtSKWCeygJtMk7CCLT0m2R&indpubnum=8145859988824678&atk=1be1cuu5iafmkbeo
603377fbb8264293,15 days ago,Technical Services Software Engineer,Hewlett Packard Enterprise,"Pleasanton, CA",http://www.indeed.com/viewjob?jk=603377fbb8264293&qd=zVVgHaIsANns6DE747QssEEC3YaduFcT_soE8i5tWuw79QA6F3yjkknpMLiiJpbxMkRxBsvFqj60HeJDfdSbxDgWHf8PH76sF9vX4O-WMzxtSKWCeygJtMk7CCLT0m2R&indpubnum=8145859988824678&atk=1be1cuu5iafmkbeo
7dced639e46e9c23,30+ days ago,"Software Engineer, University Grad",Facebook,"Menlo Park, CA",http://www.indeed.com/viewjob?jk=7dced639e46e9c23&qd=zVVgHaIsANns6DE747QssEEC3YaduFcT_soE8i5tWuw79QA6F3yjkknpMLiiJpbxMkRxBsvFqj60HeJDfdSbxDgWHf8PH76sF9vX4O-WMzxtSKWCeygJtMk7CCLT0m2R&indpubnum=8145859988824678&atk=1be1cuuvla0mjf2f
7dced639e46e9c23,30+ days ago,"Software Engineer, University Grad",Facebook,"Menlo Park, CA",http://www.indeed.com/viewjob?jk=7dced639e46e9c23&qd=zVVgHaIsANns6DE747QssEEC3YaduFcT_soE8i5tWuw79QA6F3yjkknpMLiiJpbxMkRxBsvFqj60HeJDfdSbxDgWHf8PH76sF9vX4O-WMzxtSKWCeygJtMk7CCLT0m2R&indpubnum=8145859988824678&atk=1be1cuv8tavii98d
d5b21aeda97db3c3,7 days ago,Principal Software Engineer,General Electric,"San Ramon, CA",http://www.indeed.com/viewjob?jk=d5b21aeda97db3c3&qd=zVVgHaIsANns6DE747QssEEC3YaduFcT_soE8i5tWuw79QA6F3yjkknpMLiiJpbxMkRxBsvFqj60HeJDfdSbxDgWHf8PH76sF9vX4O-WMzyz6e841cSFuESm5mw9iPcN&indpubnum=8145859988824678&atk=1be1cvjr9a3inap8
39f88d62d85cd93b,15 days ago,Software Designer,Hewlett Packard Enterprise,"Pleasanton, CA",http://www.indeed.com/viewjob?jk=39f88d62d85cd93b&qd=zVVgHaIsANns6DE747QssEEC3YaduFcT_soE8i5tWuw79QA6F3yjkknpMLiiJpbxMkRxBsvFqj60HeJDfdSbxDgWHf8PH76sF9vX4O-WMzyz6e841cSFuESm5mw9iPcN&indpubnum=8145859988824678&atk=1be1cvjr9a3inap8
39f88d62d85cd93b,15 days ago,Software Designer,Hewlett Packard Enterprise,"Pleasanton, CA",http://www.indeed.com/viewjob?jk=39f88d62d85cd93b&qd=zVVgHaIsANns6DE747QssEEC3YaduFcT_soE8i5tWuw79QA6F3yjkknpMLiiJpbxMkRxBsvFqj60HeJDfdSbxDgWHf8PH76sF9vX4O-WMzzgv7sBeg7HCXkHS-bQBMzN&indpubnum=8145859988824678&atk=1be1cvk69avmh8td
d1d4ff393b7089aa,7 days ago,Software Engineer (Full Time) - United States 1011952,Cisco Systems,"San Jose, CA",http://www.indeed.com/viewjob?jk=d1d4ff393b7089aa&qd=zVVgHaIsANns6DE747QssEEC3YaduFcT_soE8i5tWuw79QA6F3yjkknpMLiiJpbxMkRxBsvFqj60HeJDfdSbxDgWHf8PH76sF9vX4O-WMzzgv7sBeg7HCXkHS-bQBMzN&indpubnum=8145859988824678&atk=1be1cvkkaa1afe3d
b55ca481ab5fc496,30+ days ago,Software Engineer,General Electric,"San Ramon, CA",http://www.indeed.com/viewjob?jk=b55ca481ab5fc496&qd=zVVgHaIsANns6DE747QssEEC3YaduFcT_soE8i5tWuw79QA6F3yjkknpMLiiJpbxMkRxBsvFqj60HeJDfdSbxDgWHf8PH76sF9vX4O-WMzzgv7sBeg7HCXkHS-bQBMzN&indpubnum=8145859988824678&atk=1be1cvkkaa1afe3d
bbfcb2de03b84cbe,7 days ago,Software Engineer (Intern) - United States 1011954,Cisco Systems,"San Jose, CA",http://www.indeed.com/viewjob?jk=bbfcb2de03b84cbe&qd=zVVgHaIsANns6DE747QssEEC3YaduFcT_soE8i5tWuw79QA6F3yjkknpMLiiJpbxMkRxBsvFqj60HeJDfdSbxDgWHf8PH76sF9vX4O-WMzzgv7sBeg7HCXkHS-bQBMzN&indpubnum=8145859988824678&atk=1be1cvkkaa1afe3d
d1d4ff393b7089aa,7 days ago,Software Engineer (Full Time) - United States 1011952,Cisco Systems,"San Jose, CA",http://www.indeed.com/viewjob?jk=d1d4ff393b7089aa&qd=zVVgHaIsANns6DE747QssEEC3YaduFcT_soE8i5tWuw79QA6F3yjkknpMLiiJpbxMkRxBsvFqj60HeJDfdSbxDgWHf8PH76sF9vX4O-WMzz05Da3Keyvl2TUSPBMD03w&indpubnum=8145859988824678&atk=1be1cvktlaumhfui
b55ca481ab5fc496,30+ days ago,Software Engineer,General Electric,"San Ramon, CA",http://www.indeed.com/viewjob?jk=b55ca481ab5fc496&qd=zVVgHaIsANns6DE747QssEEC3YaduFcT_soE8i5tWuw79QA6F3yjkknpMLiiJpbxMkRxBsvFqj60HeJDfdSbxDgWHf8PH76sF9vX4O-WMzz05Da3Keyvl2TUSPBMD03w&indpubnum=8145859988824678&atk=1be1cvktlaumhfui
bbfcb2de03b84cbe,7 days ago,Software Engineer (Intern) - United States 1011954,Cisco Systems,"San Jose, CA",http://www.indeed.com/viewjob?jk=bbfcb2de03b84cbe&qd=zVVgHaIsANns6DE747QssEEC3YaduFcT_soE8i5tWuw79QA6F3yjkknpMLiiJpbxMkRxBsvFqj60HeJDfdSbxDgWHf8PH76sF9vX4O-WMzz05Da3Keyvl2TUSPBMD03w&indpubnum=8145859988824678&atk=1be1cvktlaumhfui
bbfcb2de03b84cbe,7 days ago,Software Engineer (Intern) - United States 1011954,Cisco Systems,"San Jose, CA",http://www.indeed.com/viewjob?jk=bbfcb2de03b84cbe&qd=zVVgHaIsANns6DE747QssEEC3YaduFcT_soE8i5tWuw79QA6F3yjkknpMLiiJpbxMkRxBsvFqj60HeJDfdSbxDgWHf8PH76sF9vX4O-WMzz05Da3Keyvl2TUSPBMD03w&indpubnum=8145859988824678&atk=1be1cvl94a4qmb0a
94333a1c09c9737a,15 days ago,HPE Software Engineer,Hewlett Packard Enterprise,"Pleasanton, CA",http://www.indeed.com/viewjob?jk=94333a1c09c9737a&qd=zVVgHaIsANns6DE747QssEEC3YaduFcT_soE8i5tWuw79QA6F3yjkknpMLiiJpbxMkRxBsvFqj60HeJDfdSbxDgWHf8PH76sF9vX4O-WMzz05Da3Keyvl2TUSPBMD03w&indpubnum=8145859988824678&atk=1be1cvlhfaginfcb
94333a1c09c9737a,15 days ago,HPE Software Engineer,Hewlett Packard Enterprise,"Pleasanton, CA",http://www.indeed.com/viewjob?jk=94333a1c09c9737a&qd=zVVgHaIsANns6DE747QssEEC3YaduFcT_soE8i5tWuw79QA6F3yjkknpMLiiJpbxMkRxBsvFqj60HeJDfdSbxDgWHf8PH76sF9vX4O-WMzz05Da3Keyvl2TUSPBMD03w&indpubnum=8145859988824678&atk=1be1cvlonaviifan
603377fbb8264293,15 days ago,Technical Services Software Engineer,Hewlett Packard Enterprise,"Pleasanton, CA",http://www.indeed.com/viewjob?jk=603377fbb8264293&qd=zVVgHaIsANns6DE747QssEEC3YaduFcT_soE8i5tWuw79QA6F3yjkknpMLiiJpbxMkRxBsvFqj60HeJDfdSbxDgWHf8PH76sF9vX4O-WMzz05Da3Keyvl2TUSPBMD03w&indpubnum=8145859988824678&atk=1be1cvlonaviifan
94333a1c09c9737a,15 days ago,HPE Software Engineer,Hewlett Packard Enterprise,"Pleasanton, CA",http://www.indeed.com/viewjob?jk=94333a1c09c9737a&qd=zVVgHaIsANns6DE747QssEEC3YaduFcT_soE8i5tWuw79QA6F3yjkknpMLiiJpbxMkRxBsvFqj60HeJDfdSbxDgWHf8PH76sF9vX4O-WMzwby1rLG0fbu3LYhow36myE&indpubnum=8145859988824678&atk=1be1cvm15aved9cv
603377fbb8264293,15 days ago,Technical Services Software Engineer,Hewlett Packard Enterprise,"Pleasanton, CA",http://www.indeed.com/viewjob?jk=603377fbb8264293&qd=zVVgHaIsANns6DE747QssEEC3YaduFcT_soE8i5tWuw79QA6F3yjkknpMLiiJpbxMkRxBsvFqj60HeJDfdSbxDgWHf8PH76sF9vX4O-WMzwby1rLG0fbu3LYhow36myE&indpubnum=8145859988824678&atk=1be1cvm15aved9cv
7dced639e46e9c23,30+ days ago,"Software Engineer, University Grad",Facebook,"Menlo Park, CA",http://www.indeed.com/viewjob?jk=7dced639e46e9c23&qd=zVVgHaIsANns6DE747QssEEC3YaduFcT_soE8i5tWuw79QA6F3yjkknpMLiiJpbxMkRxBsvFqj60HeJDfdSbxDgWHf8PH76sF9vX4O-WMzwby1rLG0fbu3LYhow36myE&indpubnum=8145859988824678&atk=1be1cvm9gavmgd41
7dced639e46e9c23,30+ days ago,"Software Engineer, University Grad",Facebook,"Menlo Park, CA",http://www.indeed.com/viewjob?jk=7dced639e46e9c23&qd=zVVgHaIsANns6DE747QssEEC3YaduFcT_soE8i5tWuw79QA6F3yjkknpMLiiJpbxMkRxBsvFqj60HeJDfdSbxDgWHf8PH76sF9vX4O-WMzwby1rLG0fbu3LYhow36myE&indpubnum=8145859988824678&atk=1be1cvmnga42na81
d5b21aeda97db3c3,7 days ago,Principal Software Engineer,General Electric,"San Ramon, CA",http://www.indeed.com/viewjob?jk=d5b21aeda97db3c3&qd=zVVgHaIsANns6DE747QssEEC3YaduFcT_soE8i5tWuw79QA6F3yjkknpMLiiJpbxMkRxBsvFqj60HeJDfdSbxDgWHf8PH76sF9vX4O-WMzw-79wKDsu5s34D9BSUcz3b&indpubnum=8145859988824678&atk=1be1d0ru1afqm834
39f88d62d85cd93b,15 days ago,Software Designer,Hewlett Packard Enterprise,"Pleasanton, CA",http://www.indeed.com/viewjob?jk=39f88d62d85cd93b&qd=zVVgHaIsANns6DE747QssEEC3YaduFcT_soE8i5tWuw79QA6F3yjkknpMLiiJpbxMkRxBsvFqj60HeJDfdSbxDgWHf8PH76sF9vX4O-WMzw-79wKDsu5s34D9BSUcz3b&indpubnum=8145859988824678&atk=1be1d0ru1afqm834
39f88d62d85cd93b,15 days ago,Software Designer,Hewlett Packard Enterprise,"Pleasanton, CA",http://www.indeed.com/viewjob?jk=39f88d62d85cd93b&qd=zVVgHaIsANns6DE747QssEEC3YaduFcT_soE8i5tWuw79QA6F3yjkknpMLiiJpbxMkRxBsvFqj60HeJDfdSbxDgWHf8PH76sF9vX4O-WMzw-79wKDsu5s34D9BSUcz3b&indpubnum=8145859988824678&atk=1be1d0sdha52j8lj
d1d4ff393b7089aa,7 days ago,Software Engineer (Full Time) - United States 1011952,Cisco Systems,"San Jose, CA",http://www.indeed.com/viewjob?jk=d1d4ff393b7089aa&qd=zVVgHaIsANns6DE747QssEEC3YaduFcT_soE8i5tWuw79QA6F3yjkknpMLiiJpbxMkRxBsvFqj60HeJDfdSbxDgWHf8PH76sF9vX4O-WMzw-79wKDsu5s34D9BSUcz3b&indpubnum=8145859988824678&atk=1be1d0sp5aeqkbud
b55ca481ab5fc496,30+ days ago,Software Engineer,General Electric,"San Ramon, CA",http://www.indeed.com/viewjob?jk=b55ca481ab5fc496&qd=zVVgHaIsANns6DE747QssEEC3YaduFcT_soE8i5tWuw79QA6F3yjkknpMLiiJpbxMkRxBsvFqj60HeJDfdSbxDgWHf8PH76sF9vX4O-WMzw-79wKDsu5s34D9BSUcz3b&indpubnum=8145859988824678&atk=1be1d0sp5aeqkbud
bbfcb2de03b84cbe,7 days ago,Software Engineer (Intern) - United States 1011954,Cisco Systems,"San Jose, CA",http://www.indeed.com/viewjob?jk=bbfcb2de03b84cbe&qd=zVVgHaIsANns6DE747QssEEC3YaduFcT_soE8i5tWuw79QA6F3yjkknpMLiiJpbxMkRxBsvFqj60HeJDfdSbxDgWHf8PH76sF9vX4O-WMzw-79wKDsu5s34D9BSUcz3b&indpubnum=8145859988824678&atk=1be1d0sp5aeqkbud
d1d4ff393b7089aa,7 days ago,Software Engineer (Full Time) - United States 1011952,Cisco Systems,"San Jose, CA",http://www.indeed.com/viewjob?jk=d1d4ff393b7089aa&qd=zVVgHaIsANns6DE747QssEEC3YaduFcT_soE8i5tWuw79QA6F3yjkknpMLiiJpbxMkRxBsvFqj60HeJDfdSbxDgWHf8PH76sF9vX4O-WMzyNeXta2xS6w0hU5QeQTWX3&indpubnum=8145859988824678&atk=1be1d0t8sa4cnfcp
b55ca481ab5fc496,30+ days ago,Software Engineer,General Electric,"San Ramon, CA",http://www.indeed.com/viewjob?jk=b55ca481ab5fc496&qd=zVVgHaIsANns6DE747QssEEC3YaduFcT_soE8i5tWuw79QA6F3yjkknpMLiiJpbxMkRxBsvFqj60HeJDfdSbxDgWHf8PH76sF9vX4O-WMzyNeXta2xS6w0hU5QeQTWX3&indpubnum=8145859988824678&atk=1be1d0t8sa4cnfcp
bbfcb2de03b84cbe,7 days ago,Software Engineer (Intern) - United States 1011954,Cisco Systems,"San Jose, CA",http://www.indeed.com/viewjob?jk=bbfcb2de03b84cbe&qd=zVVgHaIsANns6DE747QssEEC3YaduFcT_soE8i5tWuw79QA6F3yjkknpMLiiJpbxMkRxBsvFqj60HeJDfdSbxDgWHf8PH76sF9vX4O-WMzyNeXta2xS6w0hU5QeQTWX3&indpubnum=8145859988824678&atk=1be1d0t8sa4cnfcp
bbfcb2de03b84cbe,7 days ago,Software Engineer (Intern) - United States 1011954,Cisco Systems,"San Jose, CA",http://www.indeed.com/viewjob?jk=bbfcb2de03b84cbe&qd=zVVgHaIsANns6DE747QssEEC3YaduFcT_soE8i5tWuw79QA6F3yjkknpMLiiJpbxMkRxBsvFqj60HeJDfdSbxDgWHf8PH76sF9vX4O-WMzyNeXta2xS6w0hU5QeQTWX3&indpubnum=8145859988824678&atk=1be1d0ti5agmk94o
94333a1c09c9737a,15 days ago,HPE Software Engineer,Hewlett Packard Enterprise,"Pleasanton, CA",http://www.indeed.com/viewjob?jk=94333a1c09c9737a&qd=zVVgHaIsANns6DE747QssEEC3YaduFcT_soE8i5tWuw79QA6F3yjkknpMLiiJpbxMkRxBsvFqj60HeJDfdSbxDgWHf8PH76sF9vX4O-WMzyNeXta2xS6w0hU5QeQTWX3&indpubnum=8145859988824678&atk=1be1d0trua42nd7i
94333a1c09c9737a,15 days ago,HPE Software Engineer,Hewlett Packard Enterprise,"Pleasanton, CA",http://www.indeed.com/viewjob?jk=94333a1c09c9737a&qd=zVVgHaIsANns6DE747QssEEC3YaduFcT_soE8i5tWuw79QA6F3yjkknpMLiiJpbxMkRxBsvFqj60HeJDfdSbxDgWHf8PH76sF9vX4O-WMzxmDU-p_uXqKaRNbug3vLiH&indpubnum=8145859988824678&atk=1be1d0u3vagejcnv
603377fbb8264293,15 days ago,Technical Services Software Engineer,Hewlett Packard Enterprise,"Pleasanton, CA",http://www.indeed.com/viewjob?jk=603377fbb8264293&qd=zVVgHaIsANns6DE747QssEEC3YaduFcT_soE8i5tWuw79QA6F3yjkknpMLiiJpbxMkRxBsvFqj60HeJDfdSbxDgWHf8PH76sF9vX4O-WMzxmDU-p_uXqKaRNbug3vLiH&indpubnum=8145859988824678&atk=1be1d0u3vagejcnv
94333a1c09c9737a,15 days ago,HPE Software Engineer,Hewlett Packard Enterprise,"Pleasanton, CA",http://www.indeed.com/viewjob?jk=94333a1c09c9737a&qd=zVVgHaIsANns6DE747QssEEC3YaduFcT_soE8i5tWuw79QA6F3yjkknpMLiiJpbxMkRxBsvFqj60HeJDfdSbxDgWHf8PH76sF9vX4O-WMzxmDU-p_uXqKaRNbug3vLiH&indpubnum=8145859988824678&atk=1be1d0ufcaveeah7
603377fbb8264293,15 days ago,Technical Services Software Engineer,Hewlett Packard Enterprise,"Pleasanton, CA",http://www.indeed.com/viewjob?jk=603377fbb8264293&qd=zVVgHaIsANns6DE747QssEEC3YaduFcT_soE8i5tWuw79QA6F3yjkknpMLiiJpbxMkRxBsvFqj60HeJDfdSbxDgWHf8PH76sF9vX4O-WMzxmDU-p_uXqKaRNbug3vLiH&indpubnum=8145859988824678&atk=1be1d0ufcaveeah7
7dced639e46e9c23,30+ days ago,"Software Engineer, University Grad",Facebook,"Menlo Park, CA",http://www.indeed.com/viewjob?jk=7dced639e46e9c23&qd=zVVgHaIsANns6DE747QssEEC3YaduFcT_soE8i5tWuw79QA6F3yjkknpMLiiJpbxMkRxBsvFqj60HeJDfdSbxDgWHf8PH76sF9vX4O-WMzxmDU-p_uXqKaRNbug3vLiH&indpubnum=8145859988824678&atk=1be1d0upta3in9eu
7dced639e46e9c23,30+ days ago,"Software Engineer, University Grad",Facebook,"Menlo Park, CA",http://www.indeed.com/viewjob?jk=7dced639e46e9c23&qd=zVVgHaIsANns6DE747QssEEC3YaduFcT_soE8i5tWuw79QA6F3yjkknpMLiiJpbxMkRxBsvFqj60HeJDfdSbxDgWHf8PH76sF9vX4O-WMzz7hDF1FUwD89Lp0e6NB1nw&indpubnum=8145859988824678&atk=1be1d0v30a44m8k0
d5b21aeda97db3c3,7 days ago,Principal Software Engineer,General Electric,"San Ramon, CA",http://www.indeed.com/viewjob?jk=d5b21aeda97db3c3&qd=zVVgHaIsANns6DE747QssEEC3YaduFcT_soE8i5tWuw79QA6F3yjkknpMLiiJpbxMkRxBsvFqj60HeJDfdSbxDgWHf8PH76sF9vX4O-WMzxSVAATSIlotUPsWItf-M0I&indpubnum=8145859988824678&atk=1be1d4qiia56nc51
39f88d62d85cd93b,15 days ago,Software Designer,Hewlett Packard Enterprise,"Pleasanton, CA",http://www.indeed.com/viewjob?jk=39f88d62d85cd93b&qd=zVVgHaIsANns6DE747QssEEC3YaduFcT_soE8i5tWuw79QA6F3yjkknpMLiiJpbxMkRxBsvFqj60HeJDfdSbxDgWHf8PH76sF9vX4O-WMzxSVAATSIlotUPsWItf-M0I&indpubnum=8145859988824678&atk=1be1d4qiia56nc51
39f88d62d85cd93b,15 days ago,Software Designer,Hewlett Packard Enterprise,"Pleasanton, CA",http://www.indeed.com/viewjob?jk=39f88d62d85cd93b&qd=zVVgHaIsANns6DE747QssEEC3YaduFcT_soE8i5tWuw79QA6F3yjkknpMLiiJpbxMkRxBsvFqj60HeJDfdSbxDgWHf8PH76sF9vX4O-WMzzzreY9jWLkomWuwe-_6mnP&indpubnum=8145859988824678&atk=1be1d4r03a1aeea8
d1d4ff393b7089aa,7 days ago,Software Engineer (Full Time) - United States 1011952,Cisco Systems,"San Jose, CA",http://www.indeed.com/viewjob?jk=d1d4ff393b7089aa&qd=zVVgHaIsANns6DE747QssEEC3YaduFcT_soE8i5tWuw79QA6F3yjkknpMLiiJpbxMkRxBsvFqj60HeJDfdSbxDgWHf8PH76sF9vX4O-WMzzzreY9jWLkomWuwe-_6mnP&indpubnum=8145859988824678&atk=1be1d4r9vafajdic
b55ca481ab5fc496,30+ days ago,Software Engineer,General Electric,"San Ramon, CA",http://www.indeed.com/viewjob?jk=b55ca481ab5fc496&qd=zVVgHaIsANns6DE747QssEEC3YaduFcT_soE8i5tWuw79QA6F3yjkknpMLiiJpbxMkRxBsvFqj60HeJDfdSbxDgWHf8PH76sF9vX4O-WMzzzreY9jWLkomWuwe-_6mnP&indpubnum=8145859988824678&atk=1be1d4r9vafajdic
bbfcb2de03b84cbe,7 days ago,Software Engineer (Intern) - United States 1011954,Cisco Systems,"San Jose, CA",http://www.indeed.com/viewjob?jk=bbfcb2de03b84cbe&qd=zVVgHaIsANns6DE747QssEEC3YaduFcT_soE8i5tWuw79QA6F3yjkknpMLiiJpbxMkRxBsvFqj60HeJDfdSbxDgWHf8PH76sF9vX4O-WMzzzreY9jWLkomWuwe-_6mnP&indpubnum=8145859988824678&atk=1be1d4r9vafajdic
d1d4ff393b7089aa,7 days ago,Software Engineer (Full Time) - United States 1011952,Cisco Systems,"San Jose, CA",http://www.indeed.com/viewjob?jk=d1d4ff393b7089aa&qd=zVVgHaIsANns6DE747QssEEC3YaduFcT_soE8i5tWuw79QA6F3yjkknpMLiiJpbxMkRxBsvFqj60HeJDfdSbxDgWHf8PH76sF9vX4O-WMzzzreY9jWLkomWuwe-_6mnP&indpubnum=8145859988824678&atk=1be1d4rlla12cf67
b55ca481ab5fc496,30+ days ago,Software Engineer,General Electric,"San Ramon, CA",http://www.indeed.com/viewjob?jk=b55ca481ab5fc496&qd=zVVgHaIsANns6DE747QssEEC3YaduFcT_soE8i5tWuw79QA6F3yjkknpMLiiJpbxMkRxBsvFqj60HeJDfdSbxDgWHf8PH76sF9vX4O-WMzzzreY9jWLkomWuwe-_6mnP&indpubnum=8145859988824678&atk=1be1d4rlla12cf67
bbfcb2de03b84cbe,7 days ago,Software Engineer (Intern) - United States 1011954,Cisco Systems,"San Jose, CA",http://www.indeed.com/viewjob?jk=bbfcb2de03b84cbe&qd=zVVgHaIsANns6DE747QssEEC3YaduFcT_soE8i5tWuw79QA6F3yjkknpMLiiJpbxMkRxBsvFqj60HeJDfdSbxDgWHf8PH76sF9vX4O-WMzzzreY9jWLkomWuwe-_6mnP&indpubnum=8145859988824678&atk=1be1d4rlla12cf67
bbfcb2de03b84cbe,7 days ago,Software Engineer (Intern) - United States 1011954,Cisco Systems,"San Jose, CA",http://www.indeed.com/viewjob?jk=bbfcb2de03b84cbe&qd=zVVgHaIsANns6DE747QssEEC3YaduFcT_soE8i5tWuw79QA6F3yjkknpMLiiJpbxMkRxBsvFqj60HeJDfdSbxDgWHf8PH76sF9vX4O-WMzzLErEEjgLJ0QVeJoA5f1ij&indpubnum=8145859988824678&atk=1be1d4rv9afajceh
94333a1c09c9737a,15 days ago,HPE Software Engineer,Hewlett Packard Enterprise,"Pleasanton, CA",http://www.indeed.com/viewjob?jk=94333a1c09c9737a&qd=zVVgHaIsANns6DE747QssEEC3YaduFcT_soE8i5tWuw79QA6F3yjkknpMLiiJpbxMkRxBsvFqj60HeJDfdSbxDgWHf8PH76sF9vX4O-WMzzLErEEjgLJ0QVeJoA5f1ij&indpubnum=8145859988824678&atk=1be1d4sbtauumdkb
94333a1c09c9737a,15 days ago,HPE Software Engineer,Hewlett Packard Enterprise,"Pleasanton, CA",http://www.indeed.com/viewjob?jk=94333a1c09c9737a&qd=zVVgHaIsANns6DE747QssEEC3YaduFcT_soE8i5tWuw79QA6F3yjkknpMLiiJpbxMkRxBsvFqj60HeJDfdSbxDgWHf8PH76sF9vX4O-WMzzLErEEjgLJ0QVeJoA5f1ij&indpubnum=8145859988824678&atk=1be1d4snbaf2ocd8
603377fbb8264293,15 days ago,Technical Services Software Engineer,Hewlett Packard Enterprise,"Pleasanton, CA",http://www.indeed.com/viewjob?jk=603377fbb8264293&qd=zVVgHaIsANns6DE747QssEEC3YaduFcT_soE8i5tWuw79QA6F3yjkknpMLiiJpbxMkRxBsvFqj60HeJDfdSbxDgWHf8PH76sF9vX4O-WMzzLErEEjgLJ0QVeJoA5f1ij&indpubnum=8145859988824678&atk=1be1d4snbaf2ocd8
94333a1c09c9737a,15 days ago,HPE Software Engineer,Hewlett Packard Enterprise,"Pleasanton, CA",http://www.indeed.com/viewjob?jk=94333a1c09c9737a&qd=zVVgHaIsANns6DE747QssEEC3YaduFcT_soE8i5tWuw79QA6F3yjkknpMLiiJpbxMkRxBsvFqj60HeJDfdSbxDgWHf8PH76sF9vX4O-WMzxFezr5BQnToJINDzmHHZPm&indpubnum=8145859988824678&atk=1be1d4t2cafena4m
603377fbb8264293,15 days ago,Technical Services Software Engineer,Hewlett Packard Enterprise,"Pleasanton, CA",http://www.indeed.com/viewjob?jk=603377fbb8264293&qd=zVVgHaIsANns6DE747QssEEC3YaduFcT_soE8i5tWuw79QA6F3yjkknpMLiiJpbxMkRxBsvFqj60HeJDfdSbxDgWHf8PH76sF9vX4O-WMzxFezr5BQnToJINDzmHHZPm&indpubnum=8145859988824678&atk=1be1d4t2cafena4m
7dced639e46e9c23,30+ days ago,"Software Engineer, University Grad",Facebook,"Menlo Park, CA",http://www.indeed.com/viewjob?jk=7dced639e46e9c23&qd=zVVgHaIsANns6DE747QssEEC3YaduFcT_soE8i5tWuw79QA6F3yjkknpMLiiJpbxMkRxBsvFqj60HeJDfdSbxDgWHf8PH76sF9vX4O-WMzxFezr5BQnToJINDzmHHZPm&indpubnum=8145859988824678&atk=1be1d4tfqa4qmeju
7dced639e46e9c23,30+ days ago,"Software Engineer, University Grad",Facebook,"Menlo Park, CA",http://www.indeed.com/viewjob?jk=7dced639e46e9c23&qd=zVVgHaIsANns6DE747QssEEC3YaduFcT_soE8i5tWuw79QA6F3yjkknpMLiiJpbxMkRxBsvFqj60HeJDfdSbxDgWHf8PH76sF9vX4O-WMzxFezr5BQnToJINDzmHHZPm&indpubnum=8145859988824678&atk=1be1d4tq5ahajdm3
d5b21aeda97db3c3,7 days ago,Principal Software Engineer,General Electric,"San Ramon, CA",http://www.indeed.com/viewjob?jk=d5b21aeda97db3c3&qd=zVVgHaIsANns6DE747QssEEC3YaduFcT_soE8i5tWuw79QA6F3yjkknpMLiiJpbxMkRxBsvFqj60HeJDfdSbxDgWHf8PH76sF9vX4O-WMzyW5fmWJW8v6MqWsFu_znMO&indpubnum=8145859988824678&atk=1be1d9s0ca56ndom
39f88d62d85cd93b,15 days ago,Software Designer,Hewlett Packard Enterprise,"Pleasanton, CA",http://www.indeed.com/viewjob?jk=39f88d62d85cd93b&qd=zVVgHaIsANns6DE747QssEEC3YaduFcT_soE8i5tWuw79QA6F3yjkknpMLiiJpbxMkRxBsvFqj60HeJDfdSbxDgWHf8PH76sF9vX4O-WMzyW5fmWJW8v6MqWsFu_znMO&indpubnum=8145859988824678&atk=1be1d9s0ca56ndom
39f88d62d85cd93b,15 days ago,Software Designer,Hewlett Packard Enterprise,"Pleasanton, CA",http://www.indeed.com/viewjob?jk=39f88d62d85cd93b&qd=zVVgHaIsANns6DE747QssEEC3YaduFcT_soE8i5tWuw79QA6F3yjkknpMLiiJpbxMkRxBsvFqj60HeJDfdSbxDgWHf8PH76sF9vX4O-WMzwdvEFZUqzUtna3bI5zzSb8&indpubnum=8145859988824678&atk=1be1d9sb4agakb6d
d1d4ff393b7089aa,7 days ago,Software Engineer (Full Time) - United States 1011952,Cisco Systems,"San Jose, CA",http://www.indeed.com/viewjob?jk=d1d4ff393b7089aa&qd=zVVgHaIsANns6DE747QssEEC3YaduFcT_soE8i5tWuw79QA6F3yjkknpMLiiJpbxMkRxBsvFqj60HeJDfdSbxDgWHf8PH76sF9vX4O-WMzwdvEFZUqzUtna3bI5zzSb8&indpubnum=8145859988824678&atk=1be1d9sjrauqk9am
b55ca481ab5fc496,30+ days ago,Software Engineer,General Electric,"San Ramon, CA",http://www.indeed.com/viewjob?jk=b55ca481ab5fc496&qd=zVVgHaIsANns6DE747QssEEC3YaduFcT_soE8i5tWuw79QA6F3yjkknpMLiiJpbxMkRxBsvFqj60HeJDfdSbxDgWHf8PH76sF9vX4O-WMzwdvEFZUqzUtna3bI5zzSb8&indpubnum=8145859988824678&atk=1be1d9sjrauqk9am
bbfcb2de03b84cbe,7 days ago,Software Engineer (Intern) - United States 1011954,Cisco Systems,"San Jose, CA",http://www.indeed.com/viewjob?jk=bbfcb2de03b84cbe&qd=zVVgHaIsANns6DE747QssEEC3YaduFcT_soE8i5tWuw79QA6F3yjkknpMLiiJpbxMkRxBsvFqj60HeJDfdSbxDgWHf8PH76sF9vX4O-WMzwdvEFZUqzUtna3bI5zzSb8&indpubnum=8145859988824678&atk=1be1d9sjrauqk9am
d1d4ff393b7089aa,7 days ago,Software Engineer (Full Time) - United States 1011952,Cisco Systems,"San Jose, CA",http://www.indeed.com/viewjob?jk=d1d4ff393b7089aa&qd=zVVgHaIsANns6DE747QssEEC3YaduFcT_soE8i5tWuw79QA6F3yjkknpMLiiJpbxMkRxBsvFqj60HeJDfdSbxDgWHf8PH76sF9vX4O-WMzwdvEFZUqzUtna3bI5zzSb8&indpubnum=8145859988824678&atk=1be1d9suda4uebas
b55ca481ab5fc496,30+ days ago,Software Engineer,General Electric,"San Ramon, CA",http://www.indeed.com/viewjob?jk=b55ca481ab5fc496&qd=zVVgHaIsANns6DE747QssEEC3YaduFcT_soE8i5tWuw79QA6F3yjkknpMLiiJpbxMkRxBsvFqj60HeJDfdSbxDgWHf8PH76sF9vX4O-WMzwdvEFZUqzUtna3bI5zzSb8&indpubnum=8145859988824678&atk=1be1d9suda4uebas
bbfcb2de03b84cbe,7 days ago,Software Engineer (Intern) - United States 1011954,Cisco Systems,"San Jose, CA",http://www.indeed.com/viewjob?jk=bbfcb2de03b84cbe&qd=zVVgHaIsANns6DE747QssEEC3YaduFcT_soE8i5tWuw79QA6F3yjkknpMLiiJpbxMkRxBsvFqj60HeJDfdSbxDgWHf8PH76sF9vX4O-WMzwdvEFZUqzUtna3bI5zzSb8&indpubnum=8145859988824678&atk=1be1d9suda4uebas
bbfcb2de03b84cbe,7 days ago,Software Engineer (Intern) - United States 1011954,Cisco Systems,"San Jose, CA",http://www.indeed.com/viewjob?jk=bbfcb2de03b84cbe&qd=zVVgHaIsANns6DE747QssEEC3YaduFcT_soE8i5tWuw79QA6F3yjkknpMLiiJpbxMkRxBsvFqj60HeJDfdSbxDgWHf8PH76sF9vX4O-WMzwNscYDE5_06zg4DuHBteIk&indpubnum=8145859988824678&atk=1be1d9t7oafumacv
94333a1c09c9737a,15 days ago,HPE Software Engineer,Hewlett Packard Enterprise,"Pleasanton, CA",http://www.indeed.com/viewjob?jk=94333a1c09c9737a&qd=zVVgHaIsANns6DE747QssEEC3YaduFcT_soE8i5tWuw79QA6F3yjkknpMLiiJpbxMkRxBsvFqj60HeJDfdSbxDgWHf8PH76sF9vX4O-WMzwNscYDE5_06zg4DuHBteIk&indpubnum=8145859988824678&atk=1be1d9thja56nbtb
94333a1c09c9737a,15 days ago,HPE Software Engineer,Hewlett Packard Enterprise,"Pleasanton, CA",http://www.indeed.com/viewjob?jk=94333a1c09c9737a&qd=zVVgHaIsANns6DE747QssEEC3YaduFcT_soE8i5tWuw79QA6F3yjkknpMLiiJpbxMkRxBsvFqj60HeJDfdSbxDgWHf8PH76sF9vX4O-WMzwNscYDE5_06zg4DuHBteIk&indpubnum=8145859988824678&atk=1be1d9tppah6pdcs
603377fbb8264293,15 days ago,Technical Services Software Engineer,Hewlett Packard Enterprise,"Pleasanton, CA",http://www.indeed.com/viewjob?jk=603377fbb8264293&qd=zVVgHaIsANns6DE747QssEEC3YaduFcT_soE8i5tWuw79QA6F3yjkknpMLiiJpbxMkRxBsvFqj60HeJDfdSbxDgWHf8PH76sF9vX4O-WMzwNscYDE5_06zg4DuHBteIk&indpubnum=8145859988824678&atk=1be1d9tppah6pdcs
94333a1c09c9737a,15 days ago,HPE Software Engineer,Hewlett Packard Enterprise,"Pleasanton, CA",http://www.indeed.com/viewjob?jk=94333a1c09c9737a&qd=zVVgHaIsANns6DE747QssEEC3YaduFcT_soE8i5tWuw79QA6F3yjkknpMLiiJpbxMkRxBsvFqj60HeJDfdSbxDgWHf8PH76sF9vX4O-WMzyMwdQHHKiDVFYn90Kxja6N&indpubnum=8145859988824678&atk=1be1d9u2mav6l9h9
603377fbb8264293,15 days ago,Technical Services Software Engineer,Hewlett Packard Enterprise,"Pleasanton, CA",http://www.indeed.com/viewjob?jk=603377fbb8264293&qd=zVVgHaIsANns6DE747QssEEC3YaduFcT_soE8i5tWuw79QA6F3yjkknpMLiiJpbxMkRxBsvFqj60HeJDfdSbxDgWHf8PH76sF9vX4O-WMzyMwdQHHKiDVFYn90Kxja6N&indpubnum=8145859988824678&atk=1be1d9u2mav6l9h9
7dced639e46e9c23,30+ days ago,"Software Engineer, University Grad",Facebook,"Menlo Park, CA",http://www.indeed.com/viewjob?jk=7dced639e46e9c23&qd=zVVgHaIsANns6DE747QssEEC3YaduFcT_soE8i5tWuw79QA6F3yjkknpMLiiJpbxMkRxBsvFqj60HeJDfdSbxDgWHf8PH76sF9vX4O-WMzyMwdQHHKiDVFYn90Kxja6N&indpubnum=8145859988824678&atk=1be1d9ue5aeum819
7dced639e46e9c23,30+ days ago,"Software Engineer, University Grad",Facebook,"Menlo Park, CA",http://www.indeed.com/viewjob?jk=7dced639e46e9c23&qd=zVVgHaIsANns6DE747QssEEC3YaduFcT_soE8i5tWuw79QA6F3yjkknpMLiiJpbxMkRxBsvFqj60HeJDfdSbxDgWHf8PH76sF9vX4O-WMzyMwdQHHKiDVFYn90Kxja6N&indpubnum=8145859988824678&atk=1be1d9unea4ii99b
d5b21aeda97db3c3,7 days ago,Principal Software Engineer,General Electric,"San Ramon, CA",http://www.indeed.com/viewjob?jk=d5b21aeda97db3c3&qd=zVVgHaIsANns6DE747QssEEC3YaduFcT_soE8i5tWuw79QA6F3yjkknpMLiiJpbxMkRxBsvFqj60HeJDfdSbxDgWHf8PH76sF9vX4O-WMzwNe4Zf-l_8HEWUgwt4gq9-&indpubnum=8145859988824678&atk=1be1dab71a168blg
39f88d62d85cd93b,15 days ago,Software Designer,Hewlett Packard Enterprise,"Pleasanton, CA",http://www.indeed.com/viewjob?jk=39f88d62d85cd93b&qd=zVVgHaIsANns6DE747QssEEC3YaduFcT_soE8i5tWuw79QA6F3yjkknpMLiiJpbxMkRxBsvFqj60HeJDfdSbxDgWHf8PH76sF9vX4O-WMzwNe4Zf-l_8HEWUgwt4gq9-&indpubnum=8145859988824678&atk=1be1dab71a168blg
39f88d62d85cd93b,15 days ago,Software Designer,Hewlett Packard Enterprise,"Pleasanton, CA",http://www.indeed.com/viewjob?jk=39f88d62d85cd93b&qd=zVVgHaIsANns6DE747QssEEC3YaduFcT_soE8i5tWuw79QA6F3yjkknpMLiiJpbxMkRxBsvFqj60HeJDfdSbxDgWHf8PH76sF9vX4O-WMzwNe4Zf-l_8HEWUgwt4gq9-&indpubnum=8145859988824678&atk=1be1dabgdagmjf2c
d1d4ff393b7089aa,7 days ago,Software Engineer (Full Time) - United States 1011952,Cisco Systems,"San Jose, CA",http://www.indeed.com/viewjob?jk=d1d4ff393b7089aa&qd=zVVgHaIsANns6DE747QssEEC3YaduFcT_soE8i5tWuw79QA6F3yjkknpMLiiJpbxMkRxBsvFqj60HeJDfdSbxDgWHf8PH76sF9vX4O-WMzyNvB1xQQK01F5EIibBLk9N&indpubnum=8145859988824678&atk=1be1dabpmavmhdgv
b55ca481ab5fc496,30+ days ago,Software Engineer,General Electric,"San Ramon, CA",http://www.indeed.com/viewjob?jk=b55ca481ab5fc496&qd=zVVgHaIsANns6DE747QssEEC3YaduFcT_soE8i5tWuw79QA6F3yjkknpMLiiJpbxMkRxBsvFqj60HeJDfdSbxDgWHf8PH76sF9vX4O-WMzyNvB1xQQK01F5EIibBLk9N&indpubnum=8145859988824678&atk=1be1dabpmavmhdgv
bbfcb2de03b84cbe,7 days ago,Software Engineer (Intern) - United States 1011954,Cisco Systems,"San Jose, CA",http://www.indeed.com/viewjob?jk=bbfcb2de03b84cbe&qd=zVVgHaIsANns6DE747QssEEC3YaduFcT_soE8i5tWuw79QA6F3yjkknpMLiiJpbxMkRxBsvFqj60HeJDfdSbxDgWHf8PH76sF9vX4O-WMzyNvB1xQQK01F5EIibBLk9N&indpubnum=8145859988824678&atk=1be1dabpmavmhdgv
d1d4ff393b7089aa,7 days ago,Software Engineer (Full Time) - United States 1011952,Cisco Systems,"San Jose, CA",http://www.indeed.com/viewjob?jk=d1d4ff393b7089aa&qd=zVVgHaIsANns6DE747QssEEC3YaduFcT_soE8i5tWuw79QA6F3yjkknpMLiiJpbxMkRxBsvFqj60HeJDfdSbxDgWHf8PH76sF9vX4O-WMzyNvB1xQQK01F5EIibBLk9N&indpubnum=8145859988824678&atk=1be1dac35auumas0
b55ca481ab5fc496,30+ days ago,Software Engineer,General Electric,"San Ramon, CA",http://www.indeed.com/viewjob?jk=b55ca481ab5fc496&qd=zVVgHaIsANns6DE747QssEEC3YaduFcT_soE8i5tWuw79QA6F3yjkknpMLiiJpbxMkRxBsvFqj60HeJDfdSbxDgWHf8PH76sF9vX4O-WMzyNvB1xQQK01F5EIibBLk9N&indpubnum=8145859988824678&atk=1be1dac35auumas0
bbfcb2de03b84cbe,7 days ago,Software Engineer (Intern) - United States 1011954,Cisco Systems,"San Jose, CA",http://www.indeed.com/viewjob?jk=bbfcb2de03b84cbe&qd=zVVgHaIsANns6DE747QssEEC3YaduFcT_soE8i5tWuw79QA6F3yjkknpMLiiJpbxMkRxBsvFqj60HeJDfdSbxDgWHf8PH76sF9vX4O-WMzyNvB1xQQK01F5EIibBLk9N&indpubnum=8145859988824678&atk=1be1dac35auumas0
bbfcb2de03b84cbe,7 days ago,Software Engineer (Intern) - United States 1011954,Cisco Systems,"San Jose, CA",http://www.indeed.com/viewjob?jk=bbfcb2de03b84cbe&qd=zVVgHaIsANns6DE747QssEEC3YaduFcT_soE8i5tWuw79QA6F3yjkknpMLiiJpbxMkRxBsvFqj60HeJDfdSbxDgWHf8PH76sF9vX4O-WMzyNvB1xQQK01F5EIibBLk9N&indpubnum=8145859988824678&atk=1be1daccoa4qmcr8
94333a1c09c9737a,15 days ago,HPE Software Engineer,Hewlett Packard Enterprise,"Pleasanton, CA",http://www.indeed.com/viewjob?jk=94333a1c09c9737a&qd=zVVgHaIsANns6DE747QssEEC3YaduFcT_soE8i5tWuw79QA6F3yjkknpMLiiJpbxMkRxBsvFqj60HeJDfdSbxDgWHf8PH76sF9vX4O-WMzwUWm6JkK3zpIU1ow4u6GQh&indpubnum=8145859988824678&atk=1be1dacm2ah2obfj
94333a1c09c9737a,15 days ago,HPE Software Engineer,Hewlett Packard Enterprise,"Pleasanton, CA",http://www.indeed.com/viewjob?jk=94333a1c09c9737a&qd=zVVgHaIsANns6DE747QssEEC3YaduFcT_soE8i5tWuw79QA6F3yjkknpMLiiJpbxMkRxBsvFqj60HeJDfdSbxDgWHf8PH76sF9vX4O-WMzwUWm6JkK3zpIU1ow4u6GQh&indpubnum=8145859988824678&atk=1be1dad0daguh908
603377fbb8264293,15 days ago,Technical Services Software Engineer,Hewlett Packard Enterprise,"Pleasanton, CA",http://www.indeed.com/viewjob?jk=603377fbb8264293&qd=zVVgHaIsANns6DE747QssEEC3YaduFcT_soE8i5tWuw79QA6F3yjkknpMLiiJpbxMkRxBsvFqj60HeJDfdSbxDgWHf8PH76sF9vX4O-WMzwUWm6JkK3zpIU1ow4u6GQh&indpubnum=8145859988824678&atk=1be1dad0daguh908
94333a1c09c9737a,15 days ago,HPE Software Engineer,Hewlett Packard Enterprise,"Pleasanton, CA",http://www.indeed.com/viewjob?jk=94333a1c09c9737a&qd=zVVgHaIsANns6DE747QssEEC3YaduFcT_soE8i5tWuw79QA6F3yjkknpMLiiJpbxMkRxBsvFqj60HeJDfdSbxDgWHf8PH76sF9vX4O-WMzwUWm6JkK3zpIU1ow4u6GQh&indpubnum=8145859988824678&atk=1be1dadcfa42o9rv
603377fbb8264293,15 days ago,Technical Services Software Engineer,Hewlett Packard Enterprise,"Pleasanton, CA",http://www.indeed.com/viewjob?jk=603377fbb8264293&qd=zVVgHaIsANns6DE747QssEEC3YaduFcT_soE8i5tWuw79QA6F3yjkknpMLiiJpbxMkRxBsvFqj60HeJDfdSbxDgWHf8PH76sF9vX4O-WMzwUWm6JkK3zpIU1ow4u6GQh&indpubnum=8145859988824678&atk=1be1dadcfa42o9rv
7dced639e46e9c23,30+ days ago,"Software Engineer, University Grad",Facebook,"Menlo Park, CA",http://www.indeed.com/viewjob?jk=7dced639e46e9c23&qd=zVVgHaIsANns6DE747QssEEC3YaduFcT_soE8i5tWuw79QA6F3yjkknpMLiiJpbxMkRxBsvFqj60HeJDfdSbxDgWHf8PH76sF9vX4O-WMzyfoUaVd85m7WIpmG2Wp9Cu&indpubnum=8145859988824678&atk=1be1dadloavij94i
7dced639e46e9c23,30+ days ago,"Software Engineer, University Grad",Facebook,"Menlo Park, CA",http://www.indeed.com/viewjob?jk=7dced639e46e9c23&qd=zVVgHaIsANns6DE747QssEEC3YaduFcT_soE8i5tWuw79QA6F3yjkknpMLiiJpbxMkRxBsvFqj60HeJDfdSbxDgWHf8PH76sF9vX4O-WMzyfoUaVd85m7WIpmG2Wp9Cu&indpubnum=8145859988824678&atk=1be1dae3rafen9b6
d5b21aeda97db3c3,7 days ago,Principal Software Engineer,General Electric,"San Ramon, CA",http://www.indeed.com/viewjob?jk=d5b21aeda97db3c3&qd=zVVgHaIsANns6DE747QssEEC3YaduFcT_soE8i5tWuw79QA6F3yjkknpMLiiJpbxMkRxBsvFqj60HeJDfdSbxDgWHf8PH76sF9vX4O-WMzzwaNicj5EVpbUeGD2Qknfc&indpubnum=8145859988824678&atk=1be1ddn5iaginc20
39f88d62d85cd93b,15 days ago,Software Designer,Hewlett Packard Enterprise,"Pleasanton, CA",http://www.indeed.com/viewjob?jk=39f88d62d85cd93b&qd=zVVgHaIsANns6DE747QssEEC3YaduFcT_soE8i5tWuw79QA6F3yjkknpMLiiJpbxMkRxBsvFqj60HeJDfdSbxDgWHf8PH76sF9vX4O-WMzzwaNicj5EVpbUeGD2Qknfc&indpubnum=8145859988824678&atk=1be1ddn5iaginc20
39f88d62d85cd93b,15 days ago,Software Designer,Hewlett Packard Enterprise,"Pleasanton, CA",http://www.indeed.com/viewjob?jk=39f88d62d85cd93b&qd=zVVgHaIsANns6DE747QssEEC3YaduFcT_soE8i5tWuw79QA6F3yjkknpMLiiJpbxMkRxBsvFqj60HeJDfdSbxDgWHf8PH76sF9vX4O-WMzzwaNicj5EVpbUeGD2Qknfc&indpubnum=8145859988824678&atk=1be1ddniqauul85v
d1d4ff393b7089aa,7 days ago,Software Engineer (Full Time) - United States 1011952,Cisco Systems,"San Jose, CA",http://www.indeed.com/viewjob?jk=d1d4ff393b7089aa&qd=zVVgHaIsANns6DE747QssEEC3YaduFcT_soE8i5tWuw79QA6F3yjkknpMLiiJpbxMkRxBsvFqj60HeJDfdSbxDgWHf8PH76sF9vX4O-WMzyl3sbbADspNlVv-EOaKLc8&indpubnum=8145859988824678&atk=1be1ddo83ah2ocfo
b55ca481ab5fc496,30+ days ago,Software Engineer,General Electric,"San Ramon, CA",http://www.indeed.com/viewjob?jk=b55ca481ab5fc496&qd=zVVgHaIsANns6DE747QssEEC3YaduFcT_soE8i5tWuw79QA6F3yjkknpMLiiJpbxMkRxBsvFqj60HeJDfdSbxDgWHf8PH76sF9vX4O-WMzyl3sbbADspNlVv-EOaKLc8&indpubnum=8145859988824678&atk=1be1ddo83ah2ocfo
bbfcb2de03b84cbe,7 days ago,Software Engineer (Intern) - United States 1011954,Cisco Systems,"San Jose, CA",http://www.indeed.com/viewjob?jk=bbfcb2de03b84cbe&qd=zVVgHaIsANns6DE747QssEEC3YaduFcT_soE8i5tWuw79QA6F3yjkknpMLiiJpbxMkRxBsvFqj60HeJDfdSbxDgWHf8PH76sF9vX4O-WMzyl3sbbADspNlVv-EOaKLc8&indpubnum=8145859988824678&atk=1be1ddo83ah2ocfo
d1d4ff393b7089aa,7 days ago,Software Engineer (Full Time) - United States 1011952,Cisco Systems,"San Jose, CA",http://www.indeed.com/viewjob?jk=d1d4ff393b7089aa&qd=zVVgHaIsANns6DE747QssEEC3YaduFcT_soE8i5tWuw79QA6F3yjkknpMLiiJpbxMkRxBsvFqj60HeJDfdSbxDgWHf8PH76sF9vX4O-WMzyl3sbbADspNlVv-EOaKLc8&indpubnum=8145859988824678&atk=1be1ddoigaguia35
b55ca481ab5fc496,30+ days ago,Software Engineer,General Electric,"San Ramon, CA",http://www.indeed.com/viewjob?jk=b55ca481ab5fc496&qd=zVVgHaIsANns6DE747QssEEC3YaduFcT_soE8i5tWuw79QA6F3yjkknpMLiiJpbxMkRxBsvFqj60HeJDfdSbxDgWHf8PH76sF9vX4O-WMzyl3sbbADspNlVv-EOaKLc8&indpubnum=8145859988824678&atk=1be1ddoigaguia35
bbfcb2de03b84cbe,7 days ago,Software Engineer (Intern) - United States 1011954,Cisco Systems,"San Jose, CA",http://www.indeed.com/viewjob?jk=bbfcb2de03b84cbe&qd=zVVgHaIsANns6DE747QssEEC3YaduFcT_soE8i5tWuw79QA6F3yjkknpMLiiJpbxMkRxBsvFqj60HeJDfdSbxDgWHf8PH76sF9vX4O-WMzyl3sbbADspNlVv-EOaKLc8&indpubnum=8145859988824678&atk=1be1ddoigaguia35
bbfcb2de03b84cbe,7 days ago,Software Engineer (Intern) - United States 1011954,Cisco Systems,"San Jose, CA",http://www.indeed.com/viewjob?jk=bbfcb2de03b84cbe&qd=zVVgHaIsANns6DE747QssEEC3YaduFcT_soE8i5tWuw79QA6F3yjkknpMLiiJpbxMkRxBsvFqj60HeJDfdSbxDgWHf8PH76sF9vX4O-WMzyl3sbbADspNlVv-EOaKLc8&indpubnum=8145859988824678&atk=1be1ddospauulep1
94333a1c09c9737a,15 days ago,HPE Software Engineer,Hewlett Packard Enterprise,"Pleasanton, CA",http://www.indeed.com/viewjob?jk=94333a1c09c9737a&qd=zVVgHaIsANns6DE747QssEEC3YaduFcT_soE8i5tWuw79QA6F3yjkknpMLiiJpbxMkRxBsvFqj60HeJDfdSbxDgWHf8PH76sF9vX4O-WMzwfS5Zk83poknINSRVqUqMp&indpubnum=8145859988824678&atk=1be1ddpicagalfh6
94333a1c09c9737a,15 days ago,HPE Software Engineer,Hewlett Packard Enterprise,"Pleasanton, CA",http://www.indeed.com/viewjob?jk=94333a1c09c9737a&qd=zVVgHaIsANns6DE747QssEEC3YaduFcT_soE8i5tWuw79QA6F3yjkknpMLiiJpbxMkRxBsvFqj60HeJDfdSbxDgWHf8PH76sF9vX4O-WMzwfS5Zk83poknINSRVqUqMp&indpubnum=8145859988824678&atk=1be1ddprja3ioc63
603377fbb8264293,15 days ago,Technical Services Software Engineer,Hewlett Packard Enterprise,"Pleasanton, CA",http://www.indeed.com/viewjob?jk=603377fbb8264293&qd=zVVgHaIsANns6DE747QssEEC3YaduFcT_soE8i5tWuw79QA6F3yjkknpMLiiJpbxMkRxBsvFqj60HeJDfdSbxDgWHf8PH76sF9vX4O-WMzwfS5Zk83poknINSRVqUqMp&indpubnum=8145859988824678&atk=1be1ddprja3ioc63
94333a1c09c9737a,15 days ago,HPE Software Engineer,Hewlett Packard Enterprise,"Pleasanton, CA",http://www.indeed.com/viewjob?jk=94333a1c09c9737a&qd=zVVgHaIsANns6DE747QssEEC3YaduFcT_soE8i5tWuw79QA6F3yjkknpMLiiJpbxMkRxBsvFqj60HeJDfdSbxDgWHf8PH76sF9vX4O-WMzyjCye3ezpabn_bfu_uB85a&indpubnum=8145859988824678&atk=1be1ddrkeafumad8
603377fbb8264293,15 days ago,Technical Services Software Engineer,Hewlett Packard Enterprise,"Pleasanton, CA",http://www.indeed.com/viewjob?jk=603377fbb8264293&qd=zVVgHaIsANns6DE747QssEEC3YaduFcT_soE8i5tWuw79QA6F3yjkknpMLiiJpbxMkRxBsvFqj60HeJDfdSbxDgWHf8PH76sF9vX4O-WMzyjCye3ezpabn_bfu_uB85a&indpubnum=8145859988824678&atk=1be1ddrkeafumad8
7dced639e46e9c23,30+ days ago,"Software Engineer, University Grad",Facebook,"Menlo Park, CA",http://www.indeed.com/viewjob?jk=7dced639e46e9c23&qd=zVVgHaIsANns6DE747QssEEC3YaduFcT_soE8i5tWuw79QA6F3yjkknpMLiiJpbxMkRxBsvFqj60HeJDfdSbxDgWHf8PH76sF9vX4O-WMzyjCye3ezpabn_bfu_uB85a&indpubnum=8145859988824678&atk=1be1ddrsaaguhele
7dced639e46e9c23,30+ days ago,"Software Engineer, University Grad",Facebook,"Menlo Park, CA",http://www.indeed.com/viewjob?jk=7dced639e46e9c23&qd=zVVgHaIsANns6DE747QssEEC3YaduFcT_soE8i5tWuw79QA6F3yjkknpMLiiJpbxMkRxBsvFqj60HeJDfdSbxDgWHf8PH76sF9vX4O-WMzwWe37CuJscbnVV-2l2zFM0&indpubnum=8145859988824678&atk=1be1dds4taveee64
d5b21aeda97db3c3,7 days ago,Principal Software Engineer,General Electric,"San Ramon, CA",http://www.indeed.com/viewjob?jk=d5b21aeda97db3c3&qd=zVVgHaIsANns6DE747QssEEC3YaduFcT_soE8i5tWuw79QA6F3yjkknpMLiiJpbxf2qMiDvMtk9V4JCr9tq4qZyJbAX7EgUTg79sElGtSwFYjH3f5_LsaUwOehHaLeNc&indpubnum=8145859988824678&atk=1be1g58hga56nbfr
39f88d62d85cd93b,15 days ago,Software Designer,Hewlett Packard Enterprise,"Pleasanton, CA",http://www.indeed.com/viewjob?jk=39f88d62d85cd93b&qd=zVVgHaIsANns6DE747QssEEC3YaduFcT_soE8i5tWuw79QA6F3yjkknpMLiiJpbxf2qMiDvMtk9V4JCr9tq4qZyJbAX7EgUTg79sElGtSwFYjH3f5_LsaUwOehHaLeNc&indpubnum=8145859988824678&atk=1be1g58hga56nbfr
39f88d62d85cd93b,15 days ago,Software Designer,Hewlett Packard Enterprise,"Pleasanton, CA",http://www.indeed.com/viewjob?jk=39f88d62d85cd93b&qd=zVVgHaIsANns6DE747QssEEC3YaduFcT_soE8i5tWuw79QA6F3yjkknpMLiiJpbxf2qMiDvMtk9V4JCr9tq4qZyJbAX7EgUTg79sElGtSwFYjH3f5_LsaUwOehHaLeNc&indpubnum=8145859988824678&atk=1be1g58qbavij84i
d1d4ff393b7089aa,7 days ago,Software Engineer (Full Time) - United States 1011952,Cisco Systems,"San Jose, CA",http://www.indeed.com/viewjob?jk=d1d4ff393b7089aa&qd=zVVgHaIsANns6DE747QssEEC3YaduFcT_soE8i5tWuw79QA6F3yjkknpMLiiJpbxf2qMiDvMtk9V4JCr9tq4qZyJbAX7EgUTg79sElGtSwElkkLdzIT5vwYHH9OtO3IG&indpubnum=8145859988824678&atk=1be1g592lag2mf4a
b55ca481ab5fc496,30+ days ago,Software Engineer,General Electric,"San Ramon, CA",http://www.indeed.com/viewjob?jk=b55ca481ab5fc496&qd=zVVgHaIsANns6DE747QssEEC3YaduFcT_soE8i5tWuw79QA6F3yjkknpMLiiJpbxf2qMiDvMtk9V4JCr9tq4qZyJbAX7EgUTg79sElGtSwElkkLdzIT5vwYHH9OtO3IG&indpubnum=8145859988824678&atk=1be1g592lag2mf4a
bbfcb2de03b84cbe,7 days ago,Software Engineer (Intern) - United States 1011954,Cisco Systems,"San Jose, CA",http://www.indeed.com/viewjob?jk=bbfcb2de03b84cbe&qd=zVVgHaIsANns6DE747QssEEC3YaduFcT_soE8i5tWuw79QA6F3yjkknpMLiiJpbxf2qMiDvMtk9V4JCr9tq4qZyJbAX7EgUTg79sElGtSwElkkLdzIT5vwYHH9OtO3IG&indpubnum=8145859988824678&atk=1be1g592lag2mf4a
d1d4ff393b7089aa,7 days ago,Software Engineer (Full Time) - United States 1011952,Cisco Systems,"San Jose, CA",http://www.indeed.com/viewjob?jk=d1d4ff393b7089aa&qd=zVVgHaIsANns6DE747QssEEC3YaduFcT_soE8i5tWuw79QA6F3yjkknpMLiiJpbxf2qMiDvMtk9V4JCr9tq4qZyJbAX7EgUTg79sElGtSwElkkLdzIT5vwYHH9OtO3IG&indpubnum=8145859988824678&atk=1be1g59crah2o9a3
b55ca481ab5fc496,30+ days ago,Software Engineer,General Electric,"San Ramon, CA",http://www.indeed.com/viewjob?jk=b55ca481ab5fc496&qd=zVVgHaIsANns6DE747QssEEC3YaduFcT_soE8i5tWuw79QA6F3yjkknpMLiiJpbxf2qMiDvMtk9V4JCr9tq4qZyJbAX7EgUTg79sElGtSwElkkLdzIT5vwYHH9OtO3IG&indpubnum=8145859988824678&atk=1be1g59crah2o9a3
bbfcb2de03b84cbe,7 days ago,Software Engineer (Intern) - United States 1011954,Cisco Systems,"San Jose, CA",http://www.indeed.com/viewjob?jk=bbfcb2de03b84cbe&qd=zVVgHaIsANns6DE747QssEEC3YaduFcT_soE8i5tWuw79QA6F3yjkknpMLiiJpbxf2qMiDvMtk9V4JCr9tq4qZyJbAX7EgUTg79sElGtSwElkkLdzIT5vwYHH9OtO3IG&indpubnum=8145859988824678&atk=1be1g59crah2o9a3
bbfcb2de03b84cbe,7 days ago,Software Engineer (Intern) - United States 1011954,Cisco Systems,"San Jose, CA",http://www.indeed.com/viewjob?jk=bbfcb2de03b84cbe&qd=zVVgHaIsANns6DE747QssEEC3YaduFcT_soE8i5tWuw79QA6F3yjkknpMLiiJpbxf2qMiDvMtk9V4JCr9tq4qZyJbAX7EgUTg79sElGtSwGpBfWINySuhr2zq06r85iW&indpubnum=8145859988824678&atk=1be1g5a5ga0qg9ph
94333a1c09c9737a,15 days ago,HPE Software Engineer,Hewlett Packard Enterprise,"Pleasanton, CA",http://www.indeed.com/viewjob?jk=94333a1c09c9737a&qd=zVVgHaIsANns6DE747QssEEC3YaduFcT_soE8i5tWuw79QA6F3yjkknpMLiiJpbxf2qMiDvMtk9V4JCr9tq4qZyJbAX7EgUTg79sElGtSwGpBfWINySuhr2zq06r85iW&indpubnum=8145859988824678&atk=1be1g5ahhaf2p9rg
94333a1c09c9737a,15 days ago,HPE Software Engineer,Hewlett Packard Enterprise,"Pleasanton, CA",http://www.indeed.com/viewjob?jk=94333a1c09c9737a&qd=zVVgHaIsANns6DE747QssEEC3YaduFcT_soE8i5tWuw79QA6F3yjkknpMLiiJpbxf2qMiDvMtk9V4JCr9tq4qZyJbAX7EgUTg79sElGtSwGpBfWINySuhr2zq06r85iW&indpubnum=8145859988824678&atk=1be1g5apfa3ulekp
603377fbb8264293,15 days ago,Technical Services Software Engineer,Hewlett Packard Enterprise,"Pleasanton, CA",http://www.indeed.com/viewjob?jk=603377fbb8264293&qd=zVVgHaIsANns6DE747QssEEC3YaduFcT_soE8i5tWuw79QA6F3yjkknpMLiiJpbxf2qMiDvMtk9V4JCr9tq4qZyJbAX7EgUTg79sElGtSwGpBfWINySuhr2zq06r85iW&indpubnum=8145859988824678&atk=1be1g5apfa3ulekp
94333a1c09c9737a,15 days ago,HPE Software Engineer,Hewlett Packard Enterprise,"Pleasanton, CA",http://www.indeed.com/viewjob?jk=94333a1c09c9737a&qd=zVVgHaIsANns6DE747QssEEC3YaduFcT_soE8i5tWuw79QA6F3yjkknpMLiiJpbxf2qMiDvMtk9V4JCr9tq4qZyJbAX7EgUTg79sElGtSwEV5V2Gym8lhP4Z6cq5k3xD&indpubnum=8145859988824678&atk=1be1g5b2aa3emdvf
603377fbb8264293,15 days ago,Technical Services Software Engineer,Hewlett Packard Enterprise,"Pleasanton, CA",http://www.indeed.com/viewjob?jk=603377fbb8264293&qd=zVVgHaIsANns6DE747QssEEC3YaduFcT_soE8i5tWuw79QA6F3yjkknpMLiiJpbxf2qMiDvMtk9V4JCr9tq4qZyJbAX7EgUTg79sElGtSwEV5V2Gym8lhP4Z6cq5k3xD&indpubnum=8145859988824678&atk=1be1g5b2aa3emdvf
7dced639e46e9c23,30+ days ago,"Software Engineer, University Grad",Facebook,"Menlo Park, CA",http://www.indeed.com/viewjob?jk=7dced639e46e9c23&qd=zVVgHaIsANns6DE747QssEEC3YaduFcT_soE8i5tWuw79QA6F3yjkknpMLiiJpbxf2qMiDvMtk9V4JCr9tq4qZyJbAX7EgUTg79sElGtSwEV5V2Gym8lhP4Z6cq5k3xD&indpubnum=8145859988824678&atk=1be1g5bbkaf6je8l
7dced639e46e9c23,30+ days ago,"Software Engineer, University Grad",Facebook,"Menlo Park, CA",http://www.indeed.com/viewjob?jk=7dced639e46e9c23&qd=zVVgHaIsANns6DE747QssEEC3YaduFcT_soE8i5tWuw79QA6F3yjkknpMLiiJpbxf2qMiDvMtk9V4JCr9tq4qZyJbAX7EgUTg79sElGtSwEV5V2Gym8lhP4Z6cq5k3xD&indpubnum=8145859988824678&atk=1be1g5blja3ao8ts
