3f42409974baf009,7 days ago,Web front end developer,Cisco Systems,"San Francisco, CA",http://www.indeed.com/viewjob?jk=3f42409974baf009&qd=zVVgHaIsANns6DE747QssGHHZmtSK9KH3yWRhKQzs10Ow2nLlVD8plKzick3EfRupbZS3aV56fJ1zqnjLdF7pFnwsClycKpCF56Lw-bfoesep6I5-twM7jC8td-9rGTG&indpubnum=8145859988824678&atk=1be1g6rt2aguiev1
3f42409974baf009,7 days ago,Web front end developer,Cisco Systems,"San Francisco, CA",http://www.indeed.com/viewjob?jk=3f42409974baf009&qd=zVVgHaIsANns6DE747QssGHHZmtSK9KH3yWRhKQzs10Ow2nLlVD8plKzick3EfRupbZS3aV56fJ1zqnjLdF7pFnwsClycKpCF56Lw-bfoesep6I5-twM7jC8td-9rGTG&indpubnum=8145859988824678&atk=1be1g6s8na1699ak
3f42409974baf009,7 days ago,Web front end developer,Cisco Systems,"San Francisco, CA",http://www.indeed.com/viewjob?jk=3f42409974baf009&qd=zVVgHaIsANns6DE747QssGHHZmtSK9KH3yWRhKQzs10Ow2nLlVD8plKzick3EfRupbZS3aV56fJ1zqnjLdF7pFnwsClycKpCF56Lw-bfoesep6I5-twM7jC8td-9rGTG&indpubnum=8145859988824678&atk=1be1g6shha0ibdv0
e44ce8b967a6449f,21 hours ago,Web Developer,Cisco Systems,"San Jose, CA",http://www.indeed.com/viewjob?jk=e44ce8b967a6449f&qd=zVVgHaIsANns6DE747QssGHHZmtSK9KH3yWRhKQzs10Ow2nLlVD8plKzick3EfRupbZS3aV56fJ1zqnjLdF7pKXfsY_6WdxTWH6bEfjB6WUep6I5-twM7jC8td-9rGTG&indpubnum=8145859988824678&atk=1be1g6tn7afajf8q
e44ce8b967a6449f,21 hours ago,Web Developer,Cisco Systems,"San Jose, CA",http://www.indeed.com/viewjob?jk=e44ce8b967a6449f&qd=zVVgHaIsANns6DE747QssGHHZmtSK9KH3yWRhKQzs10Ow2nLlVD8plKzick3EfRupbZS3aV56fJ1zqnjLdF7pKXfsY_6WdxTWH6bEfjB6WUep6I5-twM7jC8td-9rGTG&indpubnum=8145859988824678&atk=1be1g6u5hagmket8
e44ce8b967a6449f,21 hours ago,Web Developer,Cisco Systems,"San Jose, CA",http://www.indeed.com/viewjob?jk=e44ce8b967a6449f&qd=zVVgHaIsANns6DE747QssGHHZmtSK9KH3yWRhKQzs10Ow2nLlVD8plKzick3EfRupbZS3aV56fJ1zqnjLdF7pKXfsY_6WdxTWH6bEfjB6WUep6I5-twM7jC8td-9rGTG&indpubnum=8145859988824678&atk=1be1g6udtavahfl5
430efffafb0cd9c6,26 days ago,Staff Software Engineer - Frontend,General Electric,"San Ramon, CA",http://www.indeed.com/viewjob?jk=430efffafb0cd9c6&qd=zVVgHaIsANns6DE747QssGHHZmtSK9KH3yWRhKQzs10Ow2nLlVD8plKzick3EfRupbZS3aV56fJ1zqnjLdF7pKXfsY_6WdxTWH6bEfjB6WUep6I5-twM7jC8td-9rGTG&indpubnum=8145859988824678&atk=1be1g6udtavahfl5
67d0e72feb8e26a3,1 day ago,"Front-End Engineer, Oculus",Facebook,"Menlo Park, CA",http://www.indeed.com/viewjob?jk=67d0e72feb8e26a3&qd=zVVgHaIsANns6DE747QssGHHZmtSK9KH3yWRhKQzs10Ow2nLlVD8plKzick3EfRupbZS3aV56fJ1zqnjLdF7pKXfsY_6WdxTWH6bEfjB6WUep6I5-twM7jC8td-9rGTG&indpubnum=8145859988824678&atk=1be1g6udtavahfl5
430efffafb0cd9c6,26 days ago,Staff Software Engineer - Frontend,General Electric,"San Ramon, CA",http://www.indeed.com/viewjob?jk=430efffafb0cd9c6&qd=zVVgHaIsANns6DE747QssGHHZmtSK9KH3yWRhKQzs10Ow2nLlVD8plKzick3EfRupbZS3aV56fJ1zqnjLdF7pMtfE9hiOQlZ2kd6o1s4NeQep6I5-twM7jC8td-9rGTG&indpubnum=8145859988824678&atk=1be1g6umiauumbg3
67d0e72feb8e26a3,1 day ago,"Front-End Engineer, Oculus",Facebook,"Menlo Park, CA",http://www.indeed.com/viewjob?jk=67d0e72feb8e26a3&qd=zVVgHaIsANns6DE747QssGHHZmtSK9KH3yWRhKQzs10Ow2nLlVD8plKzick3EfRupbZS3aV56fJ1zqnjLdF7pMtfE9hiOQlZ2kd6o1s4NeQep6I5-twM7jC8td-9rGTG&indpubnum=8145859988824678&atk=1be1g6umiauumbg3
60fa1975793edd1a,7 days ago,Front End Developer/Data Visualization at OpenDNS,Cisco Systems,"San Francisco, CA",http://www.indeed.com/viewjob?jk=60fa1975793edd1a&qd=zVVgHaIsANns6DE747QssGHHZmtSK9KH3yWRhKQzs10Ow2nLlVD8plKzick3EfRupbZS3aV56fJ1zqnjLdF7pMtfE9hiOQlZ2kd6o1s4NeQep6I5-twM7jC8td-9rGTG&indpubnum=8145859988824678&atk=1be1g6umiauumbg3
5287f93c601987bf,26 days ago,Staff Software Engineer - Full Stack,General Electric,"San Ramon, CA",http://www.indeed.com/viewjob?jk=5287f93c601987bf&qd=zVVgHaIsANns6DE747QssGHHZmtSK9KH3yWRhKQzs10Ow2nLlVD8plKzick3EfRupbZS3aV56fJ1zqnjLdF7pMtfE9hiOQlZ2kd6o1s4NeQep6I5-twM7jC8td-9rGTG&indpubnum=8145859988824678&atk=1be1g6umiauumbg3
67d0e72feb8e26a3,1 day ago,"Front-End Engineer, Oculus",Facebook,"Menlo Park, CA",http://www.indeed.com/viewjob?jk=67d0e72feb8e26a3&qd=zVVgHaIsANns6DE747QssGHHZmtSK9KH3yWRhKQzs10Ow2nLlVD8plKzick3EfRupbZS3aV56fJ1zqnjLdF7pMtfE9hiOQlZ2kd6o1s4NeQep6I5-twM7jC8td-9rGTG&indpubnum=8145859988824678&atk=1be1g6utjagmka7h
60fa1975793edd1a,7 days ago,Front End Developer/Data Visualization at OpenDNS,Cisco Systems,"San Francisco, CA",http://www.indeed.com/viewjob?jk=60fa1975793edd1a&qd=zVVgHaIsANns6DE747QssGHHZmtSK9KH3yWRhKQzs10Ow2nLlVD8plKzick3EfRupbZS3aV56fJ1zqnjLdF7pMtfE9hiOQlZ2kd6o1s4NeQep6I5-twM7jC8td-9rGTG&indpubnum=8145859988824678&atk=1be1g6utjagmka7h
5287f93c601987bf,26 days ago,Staff Software Engineer - Full Stack,General Electric,"San Ramon, CA",http://www.indeed.com/viewjob?jk=5287f93c601987bf&qd=zVVgHaIsANns6DE747QssGHHZmtSK9KH3yWRhKQzs10Ow2nLlVD8plKzick3EfRupbZS3aV56fJ1zqnjLdF7pMtfE9hiOQlZ2kd6o1s4NeQep6I5-twM7jC8td-9rGTG&indpubnum=8145859988824678&atk=1be1g6utjagmka7h
